subset	context	county_fips	pathogen	ed_source_id	horizon_weeks	model_id	n_train	n_test	rmse	mae	mape	test_start_week_end	test_end_week_end
high_fidelity	with_current_ed	48113	COVID-19	TX_DSHS_RESP_ED_VISITS_GRAPH3	1	naive_persistence	158	52	0.001065378358053712	0.0006932173922995806	0.17995784231993944	2025-04-12	2026-04-04
high_fidelity	with_current_ed	48113	COVID-19	TX_DSHS_RESP_ED_VISITS_GRAPH3	1	ridge_ar	158	52	0.0010641211277329836	0.0008392702930842828	0.30016512188480277	2025-04-12	2026-04-04
high_fidelity	with_current_ed	48113	COVID-19	TX_DSHS_RESP_ED_VISITS_GRAPH3	1	ridge_ww_only	158	52	0.005778718197650006	0.004818675300374531	2.080507168881912	2025-04-12	2026-04-04
high_fidelity	with_current_ed	48113	COVID-19	TX_DSHS_RESP_ED_VISITS_GRAPH3	1	ridge_fusion	158	52	0.0010417278066655747	0.0007759624034339706	0.2453822915071925	2025-04-12	2026-04-04
high_fidelity	early_warning	48113	COVID-19	TX_DSHS_RESP_ED_VISITS_GRAPH3	1	naive_persistence	158	52	0.0019160273302225254	0.0012401869417744593	0.319422579504176	2025-04-12	2026-04-04
high_fidelity	early_warning	48113	COVID-19	TX_DSHS_RESP_ED_VISITS_GRAPH3	1	ridge_ar	158	52	0.0021091818335070567	0.001723568488183989	0.635519874342157	2025-04-12	2026-04-04
high_fidelity	early_warning	48113	COVID-19	TX_DSHS_RESP_ED_VISITS_GRAPH3	1	ridge_ww_only	158	52	0.005778718197650006	0.004818675300374531	2.080507168881912	2025-04-12	2026-04-04
high_fidelity	early_warning	48113	COVID-19	TX_DSHS_RESP_ED_VISITS_GRAPH3	1	ridge_fusion	158	52	0.0019496082090578416	0.001478821694923715	0.542566098759784	2025-04-12	2026-04-04
high_fidelity	with_current_ed	48113	COVID-19	TX_DSHS_RESP_ED_VISITS_GRAPH3	2	naive_persistence	157	52	0.0019160273302225254	0.0012401869417744593	0.319422579504176	2025-04-12	2026-04-04
high_fidelity	with_current_ed	48113	COVID-19	TX_DSHS_RESP_ED_VISITS_GRAPH3	2	ridge_ar	157	52	0.0022275884793084726	0.001840547933391118	0.6816553846198385	2025-04-12	2026-04-04
high_fidelity	with_current_ed	48113	COVID-19	TX_DSHS_RESP_ED_VISITS_GRAPH3	2	ridge_ww_only	157	52	0.005824632204681978	0.004798536497210958	1.9062483092993554	2025-04-12	2026-04-04
high_fidelity	with_current_ed	48113	COVID-19	TX_DSHS_RESP_ED_VISITS_GRAPH3	2	ridge_fusion	157	52	0.002198295370127183	0.0016187633616809864	0.5552641138207396	2025-04-12	2026-04-04
high_fidelity	early_warning	48113	COVID-19	TX_DSHS_RESP_ED_VISITS_GRAPH3	2	naive_persistence	157	52	0.0026451636360910772	0.0017178961335552888	0.44243689428318295	2025-04-12	2026-04-04
high_fidelity	early_warning	48113	COVID-19	TX_DSHS_RESP_ED_VISITS_GRAPH3	2	ridge_ar	157	52	0.003281055485159168	0.0027323805174840625	1.0588587084239063	2025-04-12	2026-04-04
high_fidelity	early_warning	48113	COVID-19	TX_DSHS_RESP_ED_VISITS_GRAPH3	2	ridge_ww_only	157	52	0.005824632204681978	0.004798536497210958	1.9062483092993554	2025-04-12	2026-04-04
high_fidelity	early_warning	48113	COVID-19	TX_DSHS_RESP_ED_VISITS_GRAPH3	2	ridge_fusion	157	52	0.0030223581701888844	0.0022347056754744746	0.8230801872646724	2025-04-12	2026-04-04
high_fidelity	with_current_ed	48113	COVID-19	TX_DSHS_RESP_ED_VISITS_GRAPH3	3	naive_persistence	156	52	0.0026451636360910772	0.0017178961335552888	0.44243689428318295	2025-04-12	2026-04-04
high_fidelity	with_current_ed	48113	COVID-19	TX_DSHS_RESP_ED_VISITS_GRAPH3	3	ridge_ar	156	52	0.0035230523594440176	0.0029770570210407694	1.1506074393865278	2025-04-12	2026-04-04
high_fidelity	with_current_ed	48113	COVID-19	TX_DSHS_RESP_ED_VISITS_GRAPH3	3	ridge_ww_only	156	52	0.006097296413632731	0.005071917886078436	1.9675004386211077	2025-04-12	2026-04-04
high_fidelity	with_current_ed	48113	COVID-19	TX_DSHS_RESP_ED_VISITS_GRAPH3	3	ridge_fusion	156	52	0.003469656991451682	0.002476439256906958	0.8609231533304704	2025-04-12	2026-04-04
high_fidelity	early_warning	48113	COVID-19	TX_DSHS_RESP_ED_VISITS_GRAPH3	3	naive_persistence	156	52	0.003274337254399141	0.002115801160478194	0.5860781488153632	2025-04-12	2026-04-04
high_fidelity	early_warning	48113	COVID-19	TX_DSHS_RESP_ED_VISITS_GRAPH3	3	ridge_ar	156	52	0.004552593650535915	0.0039207938946980905	1.558956498866442	2025-04-12	2026-04-04
high_fidelity	early_warning	48113	COVID-19	TX_DSHS_RESP_ED_VISITS_GRAPH3	3	ridge_ww_only	156	52	0.006097296413632731	0.005071917886078436	1.9675004386211077	2025-04-12	2026-04-04
high_fidelity	early_warning	48113	COVID-19	TX_DSHS_RESP_ED_VISITS_GRAPH3	3	ridge_fusion	156	52	0.004189397625955211	0.0030946850755428842	1.1071608844952714	2025-04-12	2026-04-04
high_fidelity	with_current_ed	48113	COVID-19	TX_DSHS_RESP_ED_VISITS_GRAPH3	4	naive_persistence	155	52	0.003274337254399141	0.002115801160478194	0.5860781488153632	2025-04-12	2026-04-04
high_fidelity	with_current_ed	48113	COVID-19	TX_DSHS_RESP_ED_VISITS_GRAPH3	4	ridge_ar	155	52	0.004807150347124765	0.004176262438885784	1.6523929545311793	2025-04-12	2026-04-04
high_fidelity	with_current_ed	48113	COVID-19	TX_DSHS_RESP_ED_VISITS_GRAPH3	4	ridge_ww_only	155	52	0.00642573440131883	0.005190515910511746	1.978469618871248	2025-04-12	2026-04-04
high_fidelity	with_current_ed	48113	COVID-19	TX_DSHS_RESP_ED_VISITS_GRAPH3	4	ridge_fusion	155	52	0.0046482520556700175	0.0034570488946990604	1.1972315602421426	2025-04-12	2026-04-04
high_fidelity	early_warning	48113	COVID-19	TX_DSHS_RESP_ED_VISITS_GRAPH3	4	naive_persistence	155	52	0.0038132903165422746	0.0024997249859516554	0.7504963357627218	2025-04-12	2026-04-04
high_fidelity	early_warning	48113	COVID-19	TX_DSHS_RESP_ED_VISITS_GRAPH3	4	ridge_ar	155	52	0.0058200343941403445	0.005159617725985917	2.080546978913862	2025-04-12	2026-04-04
high_fidelity	early_warning	48113	COVID-19	TX_DSHS_RESP_ED_VISITS_GRAPH3	4	ridge_ww_only	155	52	0.00642573440131883	0.005190515910511746	1.978469618871248	2025-04-12	2026-04-04
high_fidelity	early_warning	48113	COVID-19	TX_DSHS_RESP_ED_VISITS_GRAPH3	4	ridge_fusion	155	52	0.005267269197772913	0.003912829009673808	1.3729361138246574	2025-04-12	2026-04-04
high_fidelity	with_current_ed	48113	Influenza	TX_DSHS_RESP_ED_VISITS_GRAPH3	1	naive_persistence	158	52	0.009480002895447325	0.004593421466800585	0.23387464146428819	2025-04-12	2026-04-04
high_fidelity	with_current_ed	48113	Influenza	TX_DSHS_RESP_ED_VISITS_GRAPH3	1	ridge_ar	158	52	0.008324152690887016	0.004593693283745282	0.6651715188860811	2025-04-12	2026-04-04
high_fidelity	with_current_ed	48113	Influenza	TX_DSHS_RESP_ED_VISITS_GRAPH3	1	ridge_ww_only	158	52	0.009700365283385701	0.006726161313441238	1.8895233476301245	2025-04-12	2026-04-04
high_fidelity	with_current_ed	48113	Influenza	TX_DSHS_RESP_ED_VISITS_GRAPH3	1	ridge_fusion	158	52	0.008306015793475069	0.004651245618811748	0.7586069854437087	2025-04-12	2026-04-04
high_fidelity	early_warning	48113	Influenza	TX_DSHS_RESP_ED_VISITS_GRAPH3	1	naive_persistence	158	52	0.01487620701228383	0.007213525968297408	0.39203940251410824	2025-04-12	2026-04-04
high_fidelity	early_warning	48113	Influenza	TX_DSHS_RESP_ED_VISITS_GRAPH3	1	ridge_ar	158	52	0.013066158819197706	0.008461860328260582	1.5146621476838549	2025-04-12	2026-04-04
high_fidelity	early_warning	48113	Influenza	TX_DSHS_RESP_ED_VISITS_GRAPH3	1	ridge_ww_only	158	52	0.009700365283385701	0.006726161313441238	1.8895233476301245	2025-04-12	2026-04-04
high_fidelity	early_warning	48113	Influenza	TX_DSHS_RESP_ED_VISITS_GRAPH3	1	ridge_fusion	158	52	0.011943833359555706	0.007460481030400395	1.2791817773426095	2025-04-12	2026-04-04
high_fidelity	with_current_ed	48113	Influenza	TX_DSHS_RESP_ED_VISITS_GRAPH3	2	naive_persistence	157	52	0.01487620701228383	0.007213525968297408	0.39203940251410824	2025-04-12	2026-04-04
high_fidelity	with_current_ed	48113	Influenza	TX_DSHS_RESP_ED_VISITS_GRAPH3	2	ridge_ar	157	52	0.012837776669261324	0.00827287901604352	1.4565961476770133	2025-04-12	2026-04-04
high_fidelity	with_current_ed	48113	Influenza	TX_DSHS_RESP_ED_VISITS_GRAPH3	2	ridge_ww_only	157	52	0.01102463725408791	0.007596354098000983	2.1925735277432548	2025-04-12	2026-04-04
high_fidelity	with_current_ed	48113	Influenza	TX_DSHS_RESP_ED_VISITS_GRAPH3	2	ridge_fusion	157	52	0.012696616774804225	0.00795667934320467	1.5072163099734157	2025-04-12	2026-04-04
high_fidelity	early_warning	48113	Influenza	TX_DSHS_RESP_ED_VISITS_GRAPH3	2	naive_persistence	157	52	0.01728126694347926	0.008752137469019122	0.5531397895460817	2025-04-12	2026-04-04
high_fidelity	early_warning	48113	Influenza	TX_DSHS_RESP_ED_VISITS_GRAPH3	2	ridge_ar	157	52	0.014213180943538115	0.009516741335468646	2.128911228432008	2025-04-12	2026-04-04
high_fidelity	early_warning	48113	Influenza	TX_DSHS_RESP_ED_VISITS_GRAPH3	2	ridge_ww_only	157	52	0.01102463725408791	0.007596354098000983	2.1925735277432548	2025-04-12	2026-04-04
high_fidelity	early_warning	48113	Influenza	TX_DSHS_RESP_ED_VISITS_GRAPH3	2	ridge_fusion	157	52	0.012861191699655527	0.008013164159007604	1.8519270231446514	2025-04-12	2026-04-04
high_fidelity	with_current_ed	48113	Influenza	TX_DSHS_RESP_ED_VISITS_GRAPH3	3	naive_persistence	156	52	0.01728126694347926	0.008752137469019122	0.5531397895460817	2025-04-12	2026-04-04
high_fidelity	with_current_ed	48113	Influenza	TX_DSHS_RESP_ED_VISITS_GRAPH3	3	ridge_ar	156	52	0.013719570841941633	0.009101043536290342	1.970004620009267	2025-04-12	2026-04-04
high_fidelity	with_current_ed	48113	Influenza	TX_DSHS_RESP_ED_VISITS_GRAPH3	3	ridge_ww_only	156	52	0.012044425054544818	0.008447894542839006	2.522753976997511	2025-04-12	2026-04-04
high_fidelity	with_current_ed	48113	Influenza	TX_DSHS_RESP_ED_VISITS_GRAPH3	3	ridge_fusion	156	52	0.0134281760646894	0.008279974258305584	1.8918845420465191	2025-04-12	2026-04-04
high_fidelity	early_warning	48113	Influenza	TX_DSHS_RESP_ED_VISITS_GRAPH3	3	naive_persistence	156	52	0.018327939239380354	0.009868053499070164	0.7303813138017718	2025-04-12	2026-04-04
high_fidelity	early_warning	48113	Influenza	TX_DSHS_RESP_ED_VISITS_GRAPH3	3	ridge_ar	156	52	0.01374754699052218	0.010170319588873223	2.4366796069933265	2025-04-12	2026-04-04
high_fidelity	early_warning	48113	Influenza	TX_DSHS_RESP_ED_VISITS_GRAPH3	3	ridge_ww_only	156	52	0.012044425054544818	0.008447894542839006	2.522753976997511	2025-04-12	2026-04-04
high_fidelity	early_warning	48113	Influenza	TX_DSHS_RESP_ED_VISITS_GRAPH3	3	ridge_fusion	156	52	0.012604485412754786	0.008603608031073611	2.14871656139885	2025-04-12	2026-04-04
high_fidelity	with_current_ed	48113	Influenza	TX_DSHS_RESP_ED_VISITS_GRAPH3	4	naive_persistence	155	52	0.018327939239380354	0.009868053499070164	0.7303813138017718	2025-04-12	2026-04-04
high_fidelity	with_current_ed	48113	Influenza	TX_DSHS_RESP_ED_VISITS_GRAPH3	4	ridge_ar	155	52	0.013572400893139292	0.0094448327066064	2.264146768447994	2025-04-12	2026-04-04
high_fidelity	with_current_ed	48113	Influenza	TX_DSHS_RESP_ED_VISITS_GRAPH3	4	ridge_ww_only	155	52	0.012702877721434396	0.008882845573448343	2.849606214892612	2025-04-12	2026-04-04
high_fidelity	with_current_ed	48113	Influenza	TX_DSHS_RESP_ED_VISITS_GRAPH3	4	ridge_fusion	155	52	0.013389492489157903	0.008761732107116515	2.172037373108215	2025-04-12	2026-04-04
high_fidelity	early_warning	48113	Influenza	TX_DSHS_RESP_ED_VISITS_GRAPH3	4	naive_persistence	155	52	0.019864609976272204	0.011113192752243161	0.9330432500236783	2025-04-12	2026-04-04
high_fidelity	early_warning	48113	Influenza	TX_DSHS_RESP_ED_VISITS_GRAPH3	4	ridge_ar	155	52	0.013784757699364403	0.010129492965990408	2.5580945958904837	2025-04-12	2026-04-04
high_fidelity	early_warning	48113	Influenza	TX_DSHS_RESP_ED_VISITS_GRAPH3	4	ridge_ww_only	155	52	0.012702877721434396	0.008882845573448343	2.849606214892612	2025-04-12	2026-04-04
high_fidelity	early_warning	48113	Influenza	TX_DSHS_RESP_ED_VISITS_GRAPH3	4	ridge_fusion	155	52	0.013033200564970985	0.008981755435916216	2.363192302101257	2025-04-12	2026-04-04
high_fidelity	with_current_ed	48113	RSV	TX_DSHS_RESP_ED_VISITS_GRAPH3	1	naive_persistence	158	52	0.0005933115868066759	0.0003388074340418183	0.6430334984457952	2025-04-12	2026-04-04
high_fidelity	with_current_ed	48113	RSV	TX_DSHS_RESP_ED_VISITS_GRAPH3	1	ridge_ar	158	52	0.0006429754210707663	0.00043004851781010603	1.3878332792358543	2025-04-12	2026-04-04
high_fidelity	with_current_ed	48113	RSV	TX_DSHS_RESP_ED_VISITS_GRAPH3	1	ridge_ww_only	158	52	0.0009754287764033647	0.0007741951242914278	3.2781687300029514	2025-04-12	2026-04-04
high_fidelity	with_current_ed	48113	RSV	TX_DSHS_RESP_ED_VISITS_GRAPH3	1	ridge_fusion	158	52	0.0006190835064997779	0.00041536023387299934	1.227981900480509	2025-04-12	2026-04-04
high_fidelity	early_warning	48113	RSV	TX_DSHS_RESP_ED_VISITS_GRAPH3	1	naive_persistence	158	52	0.0008715840645711426	0.0005357905308000085	0.5592894824547306	2025-04-12	2026-04-04
high_fidelity	early_warning	48113	RSV	TX_DSHS_RESP_ED_VISITS_GRAPH3	1	ridge_ar	158	52	0.000976642755929927	0.0007169956358377386	2.083036411929557	2025-04-12	2026-04-04
high_fidelity	early_warning	48113	RSV	TX_DSHS_RESP_ED_VISITS_GRAPH3	1	ridge_ww_only	158	52	0.0009754287764033647	0.0007741951242914278	3.2781687300029514	2025-04-12	2026-04-04
high_fidelity	early_warning	48113	RSV	TX_DSHS_RESP_ED_VISITS_GRAPH3	1	ridge_fusion	158	52	0.0009129406143053076	0.0006585429013561542	1.841672835537057	2025-04-12	2026-04-04
high_fidelity	with_current_ed	48113	RSV	TX_DSHS_RESP_ED_VISITS_GRAPH3	2	naive_persistence	157	52	0.0008715840645711426	0.0005357905308000085	0.5592894824547306	2025-04-12	2026-04-04
high_fidelity	with_current_ed	48113	RSV	TX_DSHS_RESP_ED_VISITS_GRAPH3	2	ridge_ar	157	52	0.0009373100513195616	0.0006966621576702969	2.0783975496668043	2025-04-12	2026-04-04
high_fidelity	with_current_ed	48113	RSV	TX_DSHS_RESP_ED_VISITS_GRAPH3	2	ridge_ww_only	157	52	0.0011327568350523382	0.0009013227144792986	4.201065979286371	2025-04-12	2026-04-04
high_fidelity	with_current_ed	48113	RSV	TX_DSHS_RESP_ED_VISITS_GRAPH3	2	ridge_fusion	157	52	0.0008783604686064808	0.0006605814269999346	2.072614020891389	2025-04-12	2026-04-04
high_fidelity	early_warning	48113	RSV	TX_DSHS_RESP_ED_VISITS_GRAPH3	2	naive_persistence	157	52	0.0010121517336347864	0.0006359847858628144	0.8710675952357761	2025-04-12	2026-04-04
high_fidelity	early_warning	48113	RSV	TX_DSHS_RESP_ED_VISITS_GRAPH3	2	ridge_ar	157	52	0.0011041485660336383	0.0008688125228276447	3.200343752137314	2025-04-12	2026-04-04
high_fidelity	early_warning	48113	RSV	TX_DSHS_RESP_ED_VISITS_GRAPH3	2	ridge_ww_only	157	52	0.0011327568350523382	0.0009013227144792986	4.201065979286371	2025-04-12	2026-04-04
high_fidelity	early_warning	48113	RSV	TX_DSHS_RESP_ED_VISITS_GRAPH3	2	ridge_fusion	157	52	0.0009929042636883524	0.0008043712160777852	2.9841644114182944	2025-04-12	2026-04-04
high_fidelity	with_current_ed	48113	RSV	TX_DSHS_RESP_ED_VISITS_GRAPH3	3	naive_persistence	156	52	0.0010121517336347864	0.0006359847858628144	0.8710675952357761	2025-04-12	2026-04-04
high_fidelity	with_current_ed	48113	RSV	TX_DSHS_RESP_ED_VISITS_GRAPH3	3	ridge_ar	156	52	0.001060973030407942	0.0008163188130378314	3.1775151454915447	2025-04-12	2026-04-04
high_fidelity	with_current_ed	48113	RSV	TX_DSHS_RESP_ED_VISITS_GRAPH3	3	ridge_ww_only	156	52	0.0013624363159024276	0.0010882532500501626	5.953742488824259	2025-04-12	2026-04-04
high_fidelity	with_current_ed	48113	RSV	TX_DSHS_RESP_ED_VISITS_GRAPH3	3	ridge_fusion	156	52	0.000994517425273027	0.0007928509243061982	3.2137784591509186	2025-04-12	2026-04-04
high_fidelity	early_warning	48113	RSV	TX_DSHS_RESP_ED_VISITS_GRAPH3	3	naive_persistence	156	52	0.0012109074746744324	0.0007974398096469199	1.0335660270937408	2025-04-12	2026-04-04
high_fidelity	early_warning	48113	RSV	TX_DSHS_RESP_ED_VISITS_GRAPH3	3	ridge_ar	156	52	0.0012955243494123525	0.0010082694116972045	3.9232610948883035	2025-04-12	2026-04-04
high_fidelity	early_warning	48113	RSV	TX_DSHS_RESP_ED_VISITS_GRAPH3	3	ridge_ww_only	156	52	0.0013624363159024276	0.0010882532500501626	5.953742488824259	2025-04-12	2026-04-04
high_fidelity	early_warning	48113	RSV	TX_DSHS_RESP_ED_VISITS_GRAPH3	3	ridge_fusion	156	52	0.0011732978148504304	0.0009732206886740888	4.3245647914341365	2025-04-12	2026-04-04
high_fidelity	with_current_ed	48113	RSV	TX_DSHS_RESP_ED_VISITS_GRAPH3	4	naive_persistence	155	52	0.0012109074746744324	0.0007974398096469199	1.0335660270937408	2025-04-12	2026-04-04
high_fidelity	with_current_ed	48113	RSV	TX_DSHS_RESP_ED_VISITS_GRAPH3	4	ridge_ar	155	52	0.0012888979326276806	0.0009905275509502532	3.814245064914504	2025-04-12	2026-04-04
high_fidelity	with_current_ed	48113	RSV	TX_DSHS_RESP_ED_VISITS_GRAPH3	4	ridge_ww_only	155	52	0.0016284434084400843	0.0013068518516300893	6.174667299784167	2025-04-12	2026-04-04
high_fidelity	with_current_ed	48113	RSV	TX_DSHS_RESP_ED_VISITS_GRAPH3	4	ridge_fusion	155	52	0.0012543815613364423	0.0010118304494777161	4.111725784620435	2025-04-12	2026-04-04
high_fidelity	early_warning	48113	RSV	TX_DSHS_RESP_ED_VISITS_GRAPH3	4	naive_persistence	155	52	0.0014479433282076194	0.0009313542141662113	1.2033039927551696	2025-04-12	2026-04-04
high_fidelity	early_warning	48113	RSV	TX_DSHS_RESP_ED_VISITS_GRAPH3	4	ridge_ar	155	52	0.0015758560210014738	0.0012236482923065355	4.365880595156758	2025-04-12	2026-04-04
high_fidelity	early_warning	48113	RSV	TX_DSHS_RESP_ED_VISITS_GRAPH3	4	ridge_ww_only	155	52	0.0016284434084400843	0.0013068518516300893	6.174667299784167	2025-04-12	2026-04-04
high_fidelity	early_warning	48113	RSV	TX_DSHS_RESP_ED_VISITS_GRAPH3	4	ridge_fusion	155	52	0.0014809331666696313	0.0012058888724381705	4.631436340011707	2025-04-12	2026-04-04
high_fidelity	with_current_ed	48201	COVID-19	TX_DSHS_RESP_ED_VISITS_GRAPH3	1	naive_persistence	159	52	0.001664898381326763	0.0009704388925379347	0.18518290641003357	2025-04-12	2026-04-04
high_fidelity	with_current_ed	48201	COVID-19	TX_DSHS_RESP_ED_VISITS_GRAPH3	1	ridge_ar	159	52	0.0014274092521219027	0.001004163243752318	0.3319078807994318	2025-04-12	2026-04-04
high_fidelity	with_current_ed	48201	COVID-19	TX_DSHS_RESP_ED_VISITS_GRAPH3	1	ridge_ww_only	159	52	0.009433652770103565	0.007906003375212974	4.842478457056454	2025-04-12	2026-04-04
high_fidelity	with_current_ed	48201	COVID-19	TX_DSHS_RESP_ED_VISITS_GRAPH3	1	ridge_fusion	159	52	0.001359988089691942	0.0008713489663484532	0.22399851248194957	2025-04-12	2026-04-04
high_fidelity	early_warning	48201	COVID-19	TX_DSHS_RESP_ED_VISITS_GRAPH3	1	naive_persistence	159	52	0.0030358733974452682	0.001623977824583977	0.28583795469769374	2025-04-12	2026-04-04
high_fidelity	early_warning	48201	COVID-19	TX_DSHS_RESP_ED_VISITS_GRAPH3	1	ridge_ar	159	52	0.002604135158736345	0.0018373763721115121	0.6482974120622629	2025-04-12	2026-04-04
high_fidelity	early_warning	48201	COVID-19	TX_DSHS_RESP_ED_VISITS_GRAPH3	1	ridge_ww_only	159	52	0.009433652770103565	0.007906003375212974	4.842478457056454	2025-04-12	2026-04-04
high_fidelity	early_warning	48201	COVID-19	TX_DSHS_RESP_ED_VISITS_GRAPH3	1	ridge_fusion	159	52	0.0024800076960597777	0.0016685400976882302	0.539876601855295	2025-04-12	2026-04-04
high_fidelity	with_current_ed	48201	COVID-19	TX_DSHS_RESP_ED_VISITS_GRAPH3	2	naive_persistence	158	52	0.0030358733974452682	0.001623977824583977	0.28583795469769374	2025-04-12	2026-04-04
high_fidelity	with_current_ed	48201	COVID-19	TX_DSHS_RESP_ED_VISITS_GRAPH3	2	ridge_ar	158	52	0.0026569916032839983	0.0019092708294163548	0.6874402864558534	2025-04-12	2026-04-04
high_fidelity	with_current_ed	48201	COVID-19	TX_DSHS_RESP_ED_VISITS_GRAPH3	2	ridge_ww_only	158	52	0.00856608826643615	0.007333510457158931	4.2925775275450695	2025-04-12	2026-04-04
high_fidelity	with_current_ed	48201	COVID-19	TX_DSHS_RESP_ED_VISITS_GRAPH3	2	ridge_fusion	158	52	0.002442945833092027	0.0015417690527054144	0.41973538249036907	2025-04-12	2026-04-04
high_fidelity	early_warning	48201	COVID-19	TX_DSHS_RESP_ED_VISITS_GRAPH3	2	naive_persistence	158	52	0.004204841205389464	0.002345641431527548	0.45661047103814634	2025-04-12	2026-04-04
high_fidelity	early_warning	48201	COVID-19	TX_DSHS_RESP_ED_VISITS_GRAPH3	2	ridge_ar	158	52	0.0037977350776496315	0.0028696930664400284	1.0752898920413525	2025-04-12	2026-04-04
high_fidelity	early_warning	48201	COVID-19	TX_DSHS_RESP_ED_VISITS_GRAPH3	2	ridge_ww_only	158	52	0.00856608826643615	0.007333510457158931	4.2925775275450695	2025-04-12	2026-04-04
high_fidelity	early_warning	48201	COVID-19	TX_DSHS_RESP_ED_VISITS_GRAPH3	2	ridge_fusion	158	52	0.0034748788922660547	0.0024178330148403667	0.7677038342073053	2025-04-12	2026-04-04
high_fidelity	with_current_ed	48201	COVID-19	TX_DSHS_RESP_ED_VISITS_GRAPH3	3	naive_persistence	157	52	0.004204841205389464	0.002345641431527548	0.45661047103814634	2025-04-12	2026-04-04
high_fidelity	with_current_ed	48201	COVID-19	TX_DSHS_RESP_ED_VISITS_GRAPH3	3	ridge_ar	157	52	0.003922365151276482	0.003005132813302332	1.1519843465840958	2025-04-12	2026-04-04
high_fidelity	with_current_ed	48201	COVID-19	TX_DSHS_RESP_ED_VISITS_GRAPH3	3	ridge_ww_only	157	52	0.007512921846613477	0.006659129269907674	3.5716881218962113	2025-04-12	2026-04-04
high_fidelity	with_current_ed	48201	COVID-19	TX_DSHS_RESP_ED_VISITS_GRAPH3	3	ridge_fusion	157	52	0.0034961403548493665	0.002349740863002848	0.6866449185601213	2025-04-12	2026-04-04
high_fidelity	early_warning	48201	COVID-19	TX_DSHS_RESP_ED_VISITS_GRAPH3	3	naive_persistence	157	52	0.005224892804196927	0.002875854701254175	0.6296509286838817	2025-04-12	2026-04-04
high_fidelity	early_warning	48201	COVID-19	TX_DSHS_RESP_ED_VISITS_GRAPH3	3	ridge_ar	157	52	0.005012296279327968	0.003917075280934127	1.5612512835007952	2025-04-12	2026-04-04
high_fidelity	early_warning	48201	COVID-19	TX_DSHS_RESP_ED_VISITS_GRAPH3	3	ridge_ww_only	157	52	0.007512921846613477	0.006659129269907674	3.5716881218962113	2025-04-12	2026-04-04
high_fidelity	early_warning	48201	COVID-19	TX_DSHS_RESP_ED_VISITS_GRAPH3	3	ridge_fusion	157	52	0.004419894928405952	0.003114174808000621	1.0222048013406004	2025-04-12	2026-04-04
high_fidelity	with_current_ed	48201	COVID-19	TX_DSHS_RESP_ED_VISITS_GRAPH3	4	naive_persistence	156	52	0.005224892804196927	0.002875854701254175	0.6296509286838817	2025-04-12	2026-04-04
high_fidelity	with_current_ed	48201	COVID-19	TX_DSHS_RESP_ED_VISITS_GRAPH3	4	ridge_ar	156	52	0.005160453876970219	0.004071125266616766	1.6312623979065595	2025-04-12	2026-04-04
high_fidelity	with_current_ed	48201	COVID-19	TX_DSHS_RESP_ED_VISITS_GRAPH3	4	ridge_ww_only	156	52	0.006640044817463775	0.005762263598537967	2.8132118775799286	2025-04-12	2026-04-04
high_fidelity	with_current_ed	48201	COVID-19	TX_DSHS_RESP_ED_VISITS_GRAPH3	4	ridge_fusion	156	52	0.004552397021793404	0.0031644299467814257	1.012075311405712	2025-04-12	2026-04-04
high_fidelity	early_warning	48201	COVID-19	TX_DSHS_RESP_ED_VISITS_GRAPH3	4	naive_persistence	156	52	0.006074165873524746	0.003410498283652898	0.853302496419799	2025-04-12	2026-04-04
high_fidelity	early_warning	48201	COVID-19	TX_DSHS_RESP_ED_VISITS_GRAPH3	4	ridge_ar	156	52	0.006106814556725015	0.005000525099653739	2.0530369059461777	2025-04-12	2026-04-04
high_fidelity	early_warning	48201	COVID-19	TX_DSHS_RESP_ED_VISITS_GRAPH3	4	ridge_ww_only	156	52	0.006640044817463775	0.005762263598537967	2.8132118775799286	2025-04-12	2026-04-04
high_fidelity	early_warning	48201	COVID-19	TX_DSHS_RESP_ED_VISITS_GRAPH3	4	ridge_fusion	156	52	0.005287396840259542	0.003862675331278986	1.3144555879607036	2025-04-12	2026-04-04
high_fidelity	with_current_ed	48201	Influenza	TX_DSHS_RESP_ED_VISITS_GRAPH3	1	naive_persistence	115	52	0.009048146734364193	0.004861197224881841	0.25070944206240653	2025-02-08	2026-04-04
high_fidelity	with_current_ed	48201	Influenza	TX_DSHS_RESP_ED_VISITS_GRAPH3	1	ridge_ar	115	52	0.008142690799205108	0.0044684479652606374	0.330566072246388	2025-02-08	2026-04-04
high_fidelity	with_current_ed	48201	Influenza	TX_DSHS_RESP_ED_VISITS_GRAPH3	1	ridge_ww_only	115	52	0.012860984882658993	0.00895359895886991	0.9518977342402285	2025-02-08	2026-04-04
high_fidelity	with_current_ed	48201	Influenza	TX_DSHS_RESP_ED_VISITS_GRAPH3	1	ridge_fusion	115	52	0.008182066002467084	0.004881664142507818	0.35925333755059746	2025-02-08	2026-04-04
high_fidelity	early_warning	48201	Influenza	TX_DSHS_RESP_ED_VISITS_GRAPH3	1	naive_persistence	115	52	0.014832360578465736	0.008275180442816185	0.42947530364522485	2025-02-08	2026-04-04
high_fidelity	early_warning	48201	Influenza	TX_DSHS_RESP_ED_VISITS_GRAPH3	1	ridge_ar	115	52	0.01306597968130669	0.007661962720279812	0.580611402686739	2025-02-08	2026-04-04
high_fidelity	early_warning	48201	Influenza	TX_DSHS_RESP_ED_VISITS_GRAPH3	1	ridge_ww_only	115	52	0.012860984882658993	0.00895359895886991	0.9518977342402285	2025-02-08	2026-04-04
high_fidelity	early_warning	48201	Influenza	TX_DSHS_RESP_ED_VISITS_GRAPH3	1	ridge_fusion	115	52	0.0129280520984065	0.008034208727455607	0.612078660357416	2025-02-08	2026-04-04
high_fidelity	with_current_ed	48201	Influenza	TX_DSHS_RESP_ED_VISITS_GRAPH3	2	naive_persistence	114	52	0.014832360578465736	0.008275180442816185	0.42947530364522485	2025-02-08	2026-04-04
high_fidelity	with_current_ed	48201	Influenza	TX_DSHS_RESP_ED_VISITS_GRAPH3	2	ridge_ar	114	52	0.012473513803199533	0.0075996687902588405	0.6190254419782532	2025-02-08	2026-04-04
high_fidelity	with_current_ed	48201	Influenza	TX_DSHS_RESP_ED_VISITS_GRAPH3	2	ridge_ww_only	114	52	0.013186682264854633	0.010266467227055348	1.1352131943493722	2025-02-08	2026-04-04
high_fidelity	with_current_ed	48201	Influenza	TX_DSHS_RESP_ED_VISITS_GRAPH3	2	ridge_fusion	114	52	0.012262298463721262	0.008075189280503032	0.7046064918380117	2025-02-08	2026-04-04
high_fidelity	early_warning	48201	Influenza	TX_DSHS_RESP_ED_VISITS_GRAPH3	2	naive_persistence	114	52	0.018436864620092485	0.011243299389083158	0.6681765042086849	2025-02-08	2026-04-04
high_fidelity	early_warning	48201	Influenza	TX_DSHS_RESP_ED_VISITS_GRAPH3	2	ridge_ar	114	52	0.014932131195471427	0.009075493219275334	0.8487642872146414	2025-02-08	2026-04-04
high_fidelity	early_warning	48201	Influenza	TX_DSHS_RESP_ED_VISITS_GRAPH3	2	ridge_ww_only	114	52	0.013186682264854633	0.010266467227055348	1.1352131943493722	2025-02-08	2026-04-04
high_fidelity	early_warning	48201	Influenza	TX_DSHS_RESP_ED_VISITS_GRAPH3	2	ridge_fusion	114	52	0.014524015686017012	0.009767977602809442	0.9427628538185692	2025-02-08	2026-04-04
high_fidelity	with_current_ed	48201	Influenza	TX_DSHS_RESP_ED_VISITS_GRAPH3	3	naive_persistence	113	52	0.018436864620092485	0.011243299389083158	0.6681765042086849	2025-02-08	2026-04-04
high_fidelity	with_current_ed	48201	Influenza	TX_DSHS_RESP_ED_VISITS_GRAPH3	3	ridge_ar	113	52	0.014227591188035836	0.008739207529833247	0.8469339564409152	2025-02-08	2026-04-04
high_fidelity	with_current_ed	48201	Influenza	TX_DSHS_RESP_ED_VISITS_GRAPH3	3	ridge_ww_only	113	52	0.013009111094997609	0.010480554566168485	1.2399923030030136	2025-02-08	2026-04-04
high_fidelity	with_current_ed	48201	Influenza	TX_DSHS_RESP_ED_VISITS_GRAPH3	3	ridge_fusion	113	52	0.013455055694942106	0.009263359530098504	0.9589023071407946	2025-02-08	2026-04-04
high_fidelity	early_warning	48201	Influenza	TX_DSHS_RESP_ED_VISITS_GRAPH3	3	naive_persistence	113	52	0.02094913368565958	0.013556769193128556	0.9136177489524402	2025-02-08	2026-04-04
high_fidelity	early_warning	48201	Influenza	TX_DSHS_RESP_ED_VISITS_GRAPH3	3	ridge_ar	113	52	0.014186593095885483	0.010169170544438824	1.0718882336736826	2025-02-08	2026-04-04
high_fidelity	early_warning	48201	Influenza	TX_DSHS_RESP_ED_VISITS_GRAPH3	3	ridge_ww_only	113	52	0.013009111094997609	0.010480554566168485	1.2399923030030136	2025-02-08	2026-04-04
high_fidelity	early_warning	48201	Influenza	TX_DSHS_RESP_ED_VISITS_GRAPH3	3	ridge_fusion	113	52	0.013700020852257466	0.010252112219611167	1.157836750067757	2025-02-08	2026-04-04
high_fidelity	with_current_ed	48201	Influenza	TX_DSHS_RESP_ED_VISITS_GRAPH3	4	naive_persistence	112	52	0.02094913368565958	0.013556769193128556	0.9136177489524402	2025-02-08	2026-04-04
high_fidelity	with_current_ed	48201	Influenza	TX_DSHS_RESP_ED_VISITS_GRAPH3	4	ridge_ar	112	52	0.013661684384090562	0.009811737242617339	1.0677065719251937	2025-02-08	2026-04-04
high_fidelity	with_current_ed	48201	Influenza	TX_DSHS_RESP_ED_VISITS_GRAPH3	4	ridge_ww_only	112	52	0.01442758495876909	0.011218703447893776	1.3399794457923546	2025-02-08	2026-04-04
high_fidelity	with_current_ed	48201	Influenza	TX_DSHS_RESP_ED_VISITS_GRAPH3	4	ridge_fusion	112	52	0.013622871474558117	0.010028942660969358	1.1754710515340299	2025-02-08	2026-04-04
high_fidelity	early_warning	48201	Influenza	TX_DSHS_RESP_ED_VISITS_GRAPH3	4	naive_persistence	112	52	0.024156486652512042	0.01615390124061894	1.1860626976869855	2025-02-08	2026-04-04
high_fidelity	early_warning	48201	Influenza	TX_DSHS_RESP_ED_VISITS_GRAPH3	4	ridge_ar	112	52	0.014530162450510965	0.011212130187344368	1.2511319647117718	2025-02-08	2026-04-04
high_fidelity	early_warning	48201	Influenza	TX_DSHS_RESP_ED_VISITS_GRAPH3	4	ridge_ww_only	112	52	0.01442758495876909	0.011218703447893776	1.3399794457923546	2025-02-08	2026-04-04
high_fidelity	early_warning	48201	Influenza	TX_DSHS_RESP_ED_VISITS_GRAPH3	4	ridge_fusion	112	52	0.015045650113648692	0.011810766112707915	1.3941299208286344	2025-02-08	2026-04-04
high_fidelity	with_current_ed	48201	RSV	TX_DSHS_RESP_ED_VISITS_GRAPH3	1	naive_persistence	115	52	0.0006668498614807408	0.00043046248556437506	0.22562210208501288	2025-02-08	2026-04-04
high_fidelity	with_current_ed	48201	RSV	TX_DSHS_RESP_ED_VISITS_GRAPH3	1	ridge_ar	115	52	0.0009662248595616343	0.000785768427703731	0.6921115749074614	2025-02-08	2026-04-04
high_fidelity	with_current_ed	48201	RSV	TX_DSHS_RESP_ED_VISITS_GRAPH3	1	ridge_ww_only	115	52	0.002695337770900468	0.002172641641296521	1.8402731011389561	2025-02-08	2026-04-04
high_fidelity	with_current_ed	48201	RSV	TX_DSHS_RESP_ED_VISITS_GRAPH3	1	ridge_fusion	115	52	0.0014020710122876698	0.0010586957901132128	0.7958072233657518	2025-02-08	2026-04-04
high_fidelity	early_warning	48201	RSV	TX_DSHS_RESP_ED_VISITS_GRAPH3	1	naive_persistence	115	52	0.0011254233646289507	0.0007731231738453924	0.3706670200732131	2025-02-08	2026-04-04
high_fidelity	early_warning	48201	RSV	TX_DSHS_RESP_ED_VISITS_GRAPH3	1	ridge_ar	115	52	0.0015253833933424788	0.0012408582599063936	1.1519234923400032	2025-02-08	2026-04-04
high_fidelity	early_warning	48201	RSV	TX_DSHS_RESP_ED_VISITS_GRAPH3	1	ridge_ww_only	115	52	0.002695337770900468	0.002172641641296521	1.8402731011389561	2025-02-08	2026-04-04
high_fidelity	early_warning	48201	RSV	TX_DSHS_RESP_ED_VISITS_GRAPH3	1	ridge_fusion	115	52	0.0021651850518606343	0.001708918027642643	1.3283241274606292	2025-02-08	2026-04-04
high_fidelity	with_current_ed	48201	RSV	TX_DSHS_RESP_ED_VISITS_GRAPH3	2	naive_persistence	114	52	0.0011254233646289507	0.0007731231738453924	0.3706670200732131	2025-02-08	2026-04-04
high_fidelity	with_current_ed	48201	RSV	TX_DSHS_RESP_ED_VISITS_GRAPH3	2	ridge_ar	114	52	0.0016047328593490448	0.0012856530738467266	1.1624050011006308	2025-02-08	2026-04-04
high_fidelity	with_current_ed	48201	RSV	TX_DSHS_RESP_ED_VISITS_GRAPH3	2	ridge_ww_only	114	52	0.003036895551714477	0.0024894693237946966	2.3351029334598428	2025-02-08	2026-04-04
high_fidelity	with_current_ed	48201	RSV	TX_DSHS_RESP_ED_VISITS_GRAPH3	2	ridge_fusion	114	52	0.002149963502901687	0.0017374790213194314	1.429679295994353	2025-02-08	2026-04-04
high_fidelity	early_warning	48201	RSV	TX_DSHS_RESP_ED_VISITS_GRAPH3	2	naive_persistence	114	52	0.001458608512161469	0.0009833452514630863	0.4961084459552017	2025-02-08	2026-04-04
high_fidelity	early_warning	48201	RSV	TX_DSHS_RESP_ED_VISITS_GRAPH3	2	ridge_ar	114	52	0.0020454226459192416	0.0016835102465165934	1.569164626955036	2025-02-08	2026-04-04
high_fidelity	early_warning	48201	RSV	TX_DSHS_RESP_ED_VISITS_GRAPH3	2	ridge_ww_only	114	52	0.003036895551714477	0.0024894693237946966	2.3351029334598428	2025-02-08	2026-04-04
high_fidelity	early_warning	48201	RSV	TX_DSHS_RESP_ED_VISITS_GRAPH3	2	ridge_fusion	114	52	0.0027119000232668543	0.0022151267035464546	1.9129641120244483	2025-02-08	2026-04-04
high_fidelity	with_current_ed	48201	RSV	TX_DSHS_RESP_ED_VISITS_GRAPH3	3	naive_persistence	113	52	0.001458608512161469	0.0009833452514630863	0.4961084459552017	2025-02-08	2026-04-04
high_fidelity	with_current_ed	48201	RSV	TX_DSHS_RESP_ED_VISITS_GRAPH3	3	ridge_ar	113	52	0.0021420591073479174	0.0017036343301526707	1.5868855331084153	2025-02-08	2026-04-04
high_fidelity	with_current_ed	48201	RSV	TX_DSHS_RESP_ED_VISITS_GRAPH3	3	ridge_ww_only	113	52	0.0033431197213146476	0.002885977408872615	2.7684392153830806	2025-02-08	2026-04-04
high_fidelity	with_current_ed	48201	RSV	TX_DSHS_RESP_ED_VISITS_GRAPH3	3	ridge_fusion	113	52	0.0025852320620820763	0.002216788393072593	1.9894149693855323	2025-02-08	2026-04-04
high_fidelity	early_warning	48201	RSV	TX_DSHS_RESP_ED_VISITS_GRAPH3	3	naive_persistence	113	52	0.001925042129674054	0.001268339407115748	0.656567621954106	2025-02-08	2026-04-04
high_fidelity	early_warning	48201	RSV	TX_DSHS_RESP_ED_VISITS_GRAPH3	3	ridge_ar	113	52	0.0025609232452280606	0.002042320478120707	1.8871885372299648	2025-02-08	2026-04-04
high_fidelity	early_warning	48201	RSV	TX_DSHS_RESP_ED_VISITS_GRAPH3	3	ridge_ww_only	113	52	0.0033431197213146476	0.002885977408872615	2.7684392153830806	2025-02-08	2026-04-04
high_fidelity	early_warning	48201	RSV	TX_DSHS_RESP_ED_VISITS_GRAPH3	3	ridge_fusion	113	52	0.002978079403228253	0.002537006359331208	2.385426996902445	2025-02-08	2026-04-04
high_fidelity	with_current_ed	48201	RSV	TX_DSHS_RESP_ED_VISITS_GRAPH3	4	naive_persistence	112	52	0.001925042129674054	0.001268339407115748	0.656567621954106	2025-02-08	2026-04-04
high_fidelity	with_current_ed	48201	RSV	TX_DSHS_RESP_ED_VISITS_GRAPH3	4	ridge_ar	112	52	0.0027082749557198514	0.0021368899937516165	1.9090658874902477	2025-02-08	2026-04-04
high_fidelity	with_current_ed	48201	RSV	TX_DSHS_RESP_ED_VISITS_GRAPH3	4	ridge_ww_only	112	52	0.003969823801581179	0.0034445560536441743	2.912901365827778	2025-02-08	2026-04-04
high_fidelity	with_current_ed	48201	RSV	TX_DSHS_RESP_ED_VISITS_GRAPH3	4	ridge_fusion	112	52	0.0031056474893505453	0.0026506715256298494	2.2275280687566514	2025-02-08	2026-04-04
high_fidelity	early_warning	48201	RSV	TX_DSHS_RESP_ED_VISITS_GRAPH3	4	naive_persistence	112	52	0.002395668320132891	0.0016399295120988827	0.8224090474235571	2025-02-08	2026-04-04
high_fidelity	early_warning	48201	RSV	TX_DSHS_RESP_ED_VISITS_GRAPH3	4	ridge_ar	112	52	0.00308482002637501	0.0024393078025861637	2.1241794160429324	2025-02-08	2026-04-04
high_fidelity	early_warning	48201	RSV	TX_DSHS_RESP_ED_VISITS_GRAPH3	4	ridge_ww_only	112	52	0.003969823801581179	0.0034445560536441743	2.912901365827778	2025-02-08	2026-04-04
high_fidelity	early_warning	48201	RSV	TX_DSHS_RESP_ED_VISITS_GRAPH3	4	ridge_fusion	112	52	0.003426123382202747	0.002953778138702001	2.5694892653228925	2025-02-08	2026-04-04
high_fidelity	with_current_ed	48453	COVID-19	TX_DSHS_RESP_ED_VISITS_GRAPH3	1	naive_persistence	127	52	0.0012016879113582177	0.0007342452244007579	0.25936764557155223	2025-03-29	2026-04-04
high_fidelity	with_current_ed	48453	COVID-19	TX_DSHS_RESP_ED_VISITS_GRAPH3	1	ridge_ar	127	52	0.0010488718866662253	0.0008267211141757985	0.456924375634049	2025-03-29	2026-04-04
high_fidelity	with_current_ed	48453	COVID-19	TX_DSHS_RESP_ED_VISITS_GRAPH3	1	ridge_ww_only	127	52	0.00791517838194084	0.0056469747329385795	5.2963843861613205	2025-03-29	2026-04-04
high_fidelity	with_current_ed	48453	COVID-19	TX_DSHS_RESP_ED_VISITS_GRAPH3	1	ridge_fusion	127	52	0.0011859077707371672	0.0009748315967239192	0.6024586456960832	2025-03-29	2026-04-04
high_fidelity	early_warning	48453	COVID-19	TX_DSHS_RESP_ED_VISITS_GRAPH3	1	naive_persistence	127	52	0.0022392421355975967	0.001327001704903623	0.40360877706465187	2025-03-29	2026-04-04
high_fidelity	early_warning	48453	COVID-19	TX_DSHS_RESP_ED_VISITS_GRAPH3	1	ridge_ar	127	52	0.0021503087787363402	0.0017356368782008402	0.9410501059148928	2025-03-29	2026-04-04
high_fidelity	early_warning	48453	COVID-19	TX_DSHS_RESP_ED_VISITS_GRAPH3	1	ridge_ww_only	127	52	0.00791517838194084	0.0056469747329385795	5.2963843861613205	2025-03-29	2026-04-04
high_fidelity	early_warning	48453	COVID-19	TX_DSHS_RESP_ED_VISITS_GRAPH3	1	ridge_fusion	127	52	0.0026276569853336995	0.0020238884450244697	1.4475458197374873	2025-03-29	2026-04-04
high_fidelity	with_current_ed	48453	COVID-19	TX_DSHS_RESP_ED_VISITS_GRAPH3	2	naive_persistence	126	52	0.0022392421355975967	0.001327001704903623	0.40360877706465187	2025-03-29	2026-04-04
high_fidelity	with_current_ed	48453	COVID-19	TX_DSHS_RESP_ED_VISITS_GRAPH3	2	ridge_ar	126	52	0.0022185597831814213	0.0017949459354994197	0.9919626859390029	2025-03-29	2026-04-04
high_fidelity	with_current_ed	48453	COVID-19	TX_DSHS_RESP_ED_VISITS_GRAPH3	2	ridge_ww_only	126	52	0.007607789826419858	0.0054876835166837385	4.9896841503036935	2025-03-29	2026-04-04
high_fidelity	with_current_ed	48453	COVID-19	TX_DSHS_RESP_ED_VISITS_GRAPH3	2	ridge_fusion	126	52	0.002365331961133245	0.0018835305336633843	1.2293520943462986	2025-03-29	2026-04-04
high_fidelity	early_warning	48453	COVID-19	TX_DSHS_RESP_ED_VISITS_GRAPH3	2	naive_persistence	126	52	0.0031325744546957532	0.0017880390917054208	0.5131896352732576	2025-03-29	2026-04-04
high_fidelity	early_warning	48453	COVID-19	TX_DSHS_RESP_ED_VISITS_GRAPH3	2	ridge_ar	126	52	0.0032835191846570066	0.0027314617500034657	1.494034548523344	2025-03-29	2026-04-04
high_fidelity	early_warning	48453	COVID-19	TX_DSHS_RESP_ED_VISITS_GRAPH3	2	ridge_ww_only	126	52	0.007607789826419858	0.0054876835166837385	4.9896841503036935	2025-03-29	2026-04-04
high_fidelity	early_warning	48453	COVID-19	TX_DSHS_RESP_ED_VISITS_GRAPH3	2	ridge_fusion	126	52	0.0036223637717934403	0.0028100606647383083	2.0010505717711053	2025-03-29	2026-04-04
high_fidelity	with_current_ed	48453	COVID-19	TX_DSHS_RESP_ED_VISITS_GRAPH3	3	naive_persistence	125	52	0.0031325744546957532	0.0017880390917054208	0.5131896352732576	2025-03-29	2026-04-04
high_fidelity	with_current_ed	48453	COVID-19	TX_DSHS_RESP_ED_VISITS_GRAPH3	3	ridge_ar	125	52	0.0034199025898464814	0.0028340896562775207	1.584692412919143	2025-03-29	2026-04-04
high_fidelity	with_current_ed	48453	COVID-19	TX_DSHS_RESP_ED_VISITS_GRAPH3	3	ridge_ww_only	125	52	0.007293372066983354	0.005304530885633684	4.756831278461018	2025-03-29	2026-04-04
high_fidelity	with_current_ed	48453	COVID-19	TX_DSHS_RESP_ED_VISITS_GRAPH3	3	ridge_fusion	125	52	0.003436242326795977	0.002656312462997655	1.797185320228351	2025-03-29	2026-04-04
high_fidelity	early_warning	48453	COVID-19	TX_DSHS_RESP_ED_VISITS_GRAPH3	3	naive_persistence	125	52	0.0038686954358464983	0.0022542647929591885	0.7189408583039731	2025-03-29	2026-04-04
high_fidelity	early_warning	48453	COVID-19	TX_DSHS_RESP_ED_VISITS_GRAPH3	3	ridge_ar	125	52	0.004302725642398694	0.0036183650923818757	2.1206095267820384	2025-03-29	2026-04-04
high_fidelity	early_warning	48453	COVID-19	TX_DSHS_RESP_ED_VISITS_GRAPH3	3	ridge_ww_only	125	52	0.007293372066983354	0.005304530885633684	4.756831278461018	2025-03-29	2026-04-04
high_fidelity	early_warning	48453	COVID-19	TX_DSHS_RESP_ED_VISITS_GRAPH3	3	ridge_fusion	125	52	0.004470425563895521	0.0033579885135540614	2.474615457659536	2025-03-29	2026-04-04
high_fidelity	with_current_ed	48453	COVID-19	TX_DSHS_RESP_ED_VISITS_GRAPH3	4	naive_persistence	124	52	0.0038686954358464983	0.0022542647929591885	0.7189408583039731	2025-03-29	2026-04-04
high_fidelity	with_current_ed	48453	COVID-19	TX_DSHS_RESP_ED_VISITS_GRAPH3	4	ridge_ar	124	52	0.0043906366613087194	0.003668416251019446	2.1695372204411005	2025-03-29	2026-04-04
high_fidelity	with_current_ed	48453	COVID-19	TX_DSHS_RESP_ED_VISITS_GRAPH3	4	ridge_ww_only	124	52	0.0066443883116960294	0.004898271614383452	4.032626230483329	2025-03-29	2026-04-04
high_fidelity	with_current_ed	48453	COVID-19	TX_DSHS_RESP_ED_VISITS_GRAPH3	4	ridge_fusion	124	52	0.004110606067332223	0.0030932141743952152	2.02308180131626	2025-03-29	2026-04-04
high_fidelity	early_warning	48453	COVID-19	TX_DSHS_RESP_ED_VISITS_GRAPH3	4	naive_persistence	124	52	0.004446765893888629	0.0025459983802451364	0.8618512511978036	2025-03-29	2026-04-04
high_fidelity	early_warning	48453	COVID-19	TX_DSHS_RESP_ED_VISITS_GRAPH3	4	ridge_ar	124	52	0.005091520019291058	0.0043747522072904175	2.6194240111165397	2025-03-29	2026-04-04
high_fidelity	early_warning	48453	COVID-19	TX_DSHS_RESP_ED_VISITS_GRAPH3	4	ridge_ww_only	124	52	0.0066443883116960294	0.004898271614383452	4.032626230483329	2025-03-29	2026-04-04
high_fidelity	early_warning	48453	COVID-19	TX_DSHS_RESP_ED_VISITS_GRAPH3	4	ridge_fusion	124	52	0.004859603341174293	0.003619069977566645	2.541330165130947	2025-03-29	2026-04-04
high_fidelity	with_current_ed	48453	Influenza	TX_DSHS_RESP_ED_VISITS_GRAPH3	1	naive_persistence	62	52	0.006090816386400937	0.0031060853061218997	0.23610262223787648	2025-03-29	2026-04-04
high_fidelity	with_current_ed	48453	Influenza	TX_DSHS_RESP_ED_VISITS_GRAPH3	1	ridge_ar	62	52	0.006457666296346592	0.004020662969035866	0.5965987412794369	2025-03-29	2026-04-04
high_fidelity	with_current_ed	48453	Influenza	TX_DSHS_RESP_ED_VISITS_GRAPH3	1	ridge_ww_only	62	52	0.031248344941599813	0.019546538918570725	2.1883276869966384	2025-03-29	2026-04-04
high_fidelity	with_current_ed	48453	Influenza	TX_DSHS_RESP_ED_VISITS_GRAPH3	1	ridge_fusion	62	52	0.015398473912411774	0.009759095883003794	1.1342518196723554	2025-03-29	2026-04-04
high_fidelity	early_warning	48453	Influenza	TX_DSHS_RESP_ED_VISITS_GRAPH3	1	naive_persistence	62	52	0.008376055856802966	0.004660359789769955	0.376208383758969	2025-03-29	2026-04-04
high_fidelity	early_warning	48453	Influenza	TX_DSHS_RESP_ED_VISITS_GRAPH3	1	ridge_ar	62	52	0.00893135374587564	0.006711331261634747	1.253027223323247	2025-03-29	2026-04-04
high_fidelity	early_warning	48453	Influenza	TX_DSHS_RESP_ED_VISITS_GRAPH3	1	ridge_ww_only	62	52	0.031248344941599813	0.019546538918570725	2.1883276869966384	2025-03-29	2026-04-04
high_fidelity	early_warning	48453	Influenza	TX_DSHS_RESP_ED_VISITS_GRAPH3	1	ridge_fusion	62	52	0.030843141754315902	0.019413609577140115	2.262159806106493	2025-03-29	2026-04-04
high_fidelity	with_current_ed	48453	Influenza	TX_DSHS_RESP_ED_VISITS_GRAPH3	2	naive_persistence	61	52	0.008376055856802966	0.004660359789769955	0.376208383758969	2025-03-29	2026-04-04
high_fidelity	with_current_ed	48453	Influenza	TX_DSHS_RESP_ED_VISITS_GRAPH3	2	ridge_ar	61	52	0.00897203556028336	0.006690741336823681	1.2446369091408525	2025-03-29	2026-04-04
high_fidelity	with_current_ed	48453	Influenza	TX_DSHS_RESP_ED_VISITS_GRAPH3	2	ridge_ww_only	61	52	0.02567752684898726	0.015733962734888043	1.9480957017278642	2025-03-29	2026-04-04
high_fidelity	with_current_ed	48453	Influenza	TX_DSHS_RESP_ED_VISITS_GRAPH3	2	ridge_fusion	61	52	0.02980936440144081	0.01867371580222505	2.405533761016905	2025-03-29	2026-04-04
high_fidelity	early_warning	48453	Influenza	TX_DSHS_RESP_ED_VISITS_GRAPH3	2	naive_persistence	61	52	0.009432148795088966	0.005474471232086095	0.5287608101102524	2025-03-29	2026-04-04
high_fidelity	early_warning	48453	Influenza	TX_DSHS_RESP_ED_VISITS_GRAPH3	2	ridge_ar	61	52	0.008616472462810268	0.007342701673970166	1.7519456148872703	2025-03-29	2026-04-04
high_fidelity	early_warning	48453	Influenza	TX_DSHS_RESP_ED_VISITS_GRAPH3	2	ridge_ww_only	61	52	0.02567752684898726	0.015733962734888043	1.9480957017278642	2025-03-29	2026-04-04
high_fidelity	early_warning	48453	Influenza	TX_DSHS_RESP_ED_VISITS_GRAPH3	2	ridge_fusion	61	52	0.03696970305689195	0.023315729025683393	2.949914641026744	2025-03-29	2026-04-04
high_fidelity	with_current_ed	48453	Influenza	TX_DSHS_RESP_ED_VISITS_GRAPH3	3	naive_persistence	60	52	0.009432148795088966	0.005474471232086095	0.5287608101102524	2025-03-29	2026-04-04
high_fidelity	with_current_ed	48453	Influenza	TX_DSHS_RESP_ED_VISITS_GRAPH3	3	ridge_ar	60	52	0.008744288108213661	0.007421874807109243	1.7069731786421003	2025-03-29	2026-04-04
high_fidelity	with_current_ed	48453	Influenza	TX_DSHS_RESP_ED_VISITS_GRAPH3	3	ridge_ww_only	60	52	0.020600383296243387	0.012928174303189403	1.9368226391559022	2025-03-29	2026-04-04
high_fidelity	with_current_ed	48453	Influenza	TX_DSHS_RESP_ED_VISITS_GRAPH3	3	ridge_fusion	60	52	0.046559745696651916	0.029837773068793975	4.181115023805395	2025-03-29	2026-04-04
high_fidelity	early_warning	48453	Influenza	TX_DSHS_RESP_ED_VISITS_GRAPH3	3	naive_persistence	60	52	0.012194293744699372	0.0077930295546712785	0.7616241583678403	2025-03-29	2026-04-04
high_fidelity	early_warning	48453	Influenza	TX_DSHS_RESP_ED_VISITS_GRAPH3	3	ridge_ar	60	52	0.00995959299163395	0.008702892029238836	2.025547495437336	2025-03-29	2026-04-04
high_fidelity	early_warning	48453	Influenza	TX_DSHS_RESP_ED_VISITS_GRAPH3	3	ridge_ww_only	60	52	0.020600383296243387	0.012928174303189403	1.9368226391559022	2025-03-29	2026-04-04
high_fidelity	early_warning	48453	Influenza	TX_DSHS_RESP_ED_VISITS_GRAPH3	3	ridge_fusion	60	52	0.04145080682848762	0.026681100888445854	3.7872884377650182	2025-03-29	2026-04-04
high_fidelity	with_current_ed	48453	Influenza	TX_DSHS_RESP_ED_VISITS_GRAPH3	4	naive_persistence	59	52	0.012194293744699372	0.0077930295546712785	0.7616241583678403	2025-03-29	2026-04-04
high_fidelity	with_current_ed	48453	Influenza	TX_DSHS_RESP_ED_VISITS_GRAPH3	4	ridge_ar	59	52	0.009055865738922987	0.007802552238344931	1.8940964161870644	2025-03-29	2026-04-04
high_fidelity	with_current_ed	48453	Influenza	TX_DSHS_RESP_ED_VISITS_GRAPH3	4	ridge_ww_only	59	52	0.01749569704731991	0.011649603061059086	1.9322539177610518	2025-03-29	2026-04-04
high_fidelity	with_current_ed	48453	Influenza	TX_DSHS_RESP_ED_VISITS_GRAPH3	4	ridge_fusion	59	52	0.04976378331880563	0.03226853765778808	4.874400069894381	2025-03-29	2026-04-04
high_fidelity	early_warning	48453	Influenza	TX_DSHS_RESP_ED_VISITS_GRAPH3	4	naive_persistence	59	52	0.01445237775803019	0.009174972590494603	0.9769922374632585	2025-03-29	2026-04-04
high_fidelity	early_warning	48453	Influenza	TX_DSHS_RESP_ED_VISITS_GRAPH3	4	ridge_ar	59	52	0.009756310021146068	0.008584653301200394	2.057524217615054	2025-03-29	2026-04-04
high_fidelity	early_warning	48453	Influenza	TX_DSHS_RESP_ED_VISITS_GRAPH3	4	ridge_ww_only	59	52	0.01749569704731991	0.011649603061059086	1.9322539177610518	2025-03-29	2026-04-04
high_fidelity	early_warning	48453	Influenza	TX_DSHS_RESP_ED_VISITS_GRAPH3	4	ridge_fusion	59	52	0.03672125763416555	0.024213155179880617	3.7879812438774425	2025-03-29	2026-04-04
high_fidelity	with_current_ed	48453	RSV	TX_DSHS_RESP_ED_VISITS_GRAPH3	1	naive_persistence	62	52	0.0005728420096344497	0.00034526735902546746	0.33068238381836224	2025-03-29	2026-04-04
high_fidelity	with_current_ed	48453	RSV	TX_DSHS_RESP_ED_VISITS_GRAPH3	1	ridge_ar	62	52	0.0005117553805890076	0.0003784789442466569	0.5575219522961121	2025-03-29	2026-04-04
high_fidelity	with_current_ed	48453	RSV	TX_DSHS_RESP_ED_VISITS_GRAPH3	1	ridge_ww_only	62	52	0.00322586609155287	0.002108467521865388	1.8126185025946957	2025-03-29	2026-04-04
high_fidelity	with_current_ed	48453	RSV	TX_DSHS_RESP_ED_VISITS_GRAPH3	1	ridge_fusion	62	52	0.0009066688593475959	0.0005599225661243993	0.6033570416593618	2025-03-29	2026-04-04
high_fidelity	early_warning	48453	RSV	TX_DSHS_RESP_ED_VISITS_GRAPH3	1	naive_persistence	62	52	0.000810320513579518	0.00048592775522129374	0.3999784403241484	2025-03-29	2026-04-04
high_fidelity	early_warning	48453	RSV	TX_DSHS_RESP_ED_VISITS_GRAPH3	1	ridge_ar	62	52	0.0007086329039119124	0.0005169781957693436	0.8851104470419728	2025-03-29	2026-04-04
high_fidelity	early_warning	48453	RSV	TX_DSHS_RESP_ED_VISITS_GRAPH3	1	ridge_ww_only	62	52	0.00322586609155287	0.002108467521865388	1.8126185025946957	2025-03-29	2026-04-04
high_fidelity	early_warning	48453	RSV	TX_DSHS_RESP_ED_VISITS_GRAPH3	1	ridge_fusion	62	52	0.0015728596098283374	0.0010396516397465974	1.0498488622131346	2025-03-29	2026-04-04
high_fidelity	with_current_ed	48453	RSV	TX_DSHS_RESP_ED_VISITS_GRAPH3	2	naive_persistence	61	52	0.000810320513579518	0.00048592775522129374	0.3999784403241484	2025-03-29	2026-04-04
high_fidelity	with_current_ed	48453	RSV	TX_DSHS_RESP_ED_VISITS_GRAPH3	2	ridge_ar	61	52	0.000629306038661378	0.0004620637964607694	0.89738536128584	2025-03-29	2026-04-04
high_fidelity	with_current_ed	48453	RSV	TX_DSHS_RESP_ED_VISITS_GRAPH3	2	ridge_ww_only	61	52	0.002733900807304374	0.0018161933001730921	1.8305426741604363	2025-03-29	2026-04-04
high_fidelity	with_current_ed	48453	RSV	TX_DSHS_RESP_ED_VISITS_GRAPH3	2	ridge_fusion	61	52	0.001208446849625931	0.0008026388473115984	0.9655367023162253	2025-03-29	2026-04-04
high_fidelity	early_warning	48453	RSV	TX_DSHS_RESP_ED_VISITS_GRAPH3	2	naive_persistence	61	52	0.001014466194548665	0.0006535475455879484	0.5683020440982107	2025-03-29	2026-04-04
high_fidelity	early_warning	48453	RSV	TX_DSHS_RESP_ED_VISITS_GRAPH3	2	ridge_ar	61	52	0.0007922406553909564	0.0006606171476549432	1.2424067720765284	2025-03-29	2026-04-04
high_fidelity	early_warning	48453	RSV	TX_DSHS_RESP_ED_VISITS_GRAPH3	2	ridge_ww_only	61	52	0.002733900807304374	0.0018161933001730921	1.8305426741604363	2025-03-29	2026-04-04
high_fidelity	early_warning	48453	RSV	TX_DSHS_RESP_ED_VISITS_GRAPH3	2	ridge_fusion	61	52	0.0018154803791115494	0.0012349802130825105	1.371804689199948	2025-03-29	2026-04-04
high_fidelity	with_current_ed	48453	RSV	TX_DSHS_RESP_ED_VISITS_GRAPH3	3	naive_persistence	60	52	0.001014466194548665	0.0006535475455879484	0.5683020440982107	2025-03-29	2026-04-04
high_fidelity	with_current_ed	48453	RSV	TX_DSHS_RESP_ED_VISITS_GRAPH3	3	ridge_ar	60	52	0.0007088770368853252	0.0005832558656719482	1.235244322719051	2025-03-29	2026-04-04
high_fidelity	with_current_ed	48453	RSV	TX_DSHS_RESP_ED_VISITS_GRAPH3	3	ridge_ww_only	60	52	0.002257908603523382	0.0015624541657574538	1.9268097144018688	2025-03-29	2026-04-04
high_fidelity	with_current_ed	48453	RSV	TX_DSHS_RESP_ED_VISITS_GRAPH3	3	ridge_fusion	60	52	0.0012464253699011865	0.0009092781477089533	1.2932748004480374	2025-03-29	2026-04-04
high_fidelity	early_warning	48453	RSV	TX_DSHS_RESP_ED_VISITS_GRAPH3	3	naive_persistence	60	52	0.0012926272609145816	0.0007994973041070984	0.6769453349097413	2025-03-29	2026-04-04
high_fidelity	early_warning	48453	RSV	TX_DSHS_RESP_ED_VISITS_GRAPH3	3	ridge_ar	60	52	0.0009671504437927444	0.0007748269894840784	1.6144487801824212	2025-03-29	2026-04-04
high_fidelity	early_warning	48453	RSV	TX_DSHS_RESP_ED_VISITS_GRAPH3	3	ridge_ww_only	60	52	0.002257908603523382	0.0015624541657574538	1.9268097144018688	2025-03-29	2026-04-04
high_fidelity	early_warning	48453	RSV	TX_DSHS_RESP_ED_VISITS_GRAPH3	3	ridge_fusion	60	52	0.001938734095019229	0.0013552743294602165	1.7046084880852868	2025-03-29	2026-04-04
high_fidelity	with_current_ed	48453	RSV	TX_DSHS_RESP_ED_VISITS_GRAPH3	4	naive_persistence	59	52	0.0012926272609145816	0.0007994973041070984	0.6769453349097413	2025-03-29	2026-04-04
high_fidelity	with_current_ed	48453	RSV	TX_DSHS_RESP_ED_VISITS_GRAPH3	4	ridge_ar	59	52	0.0008950046846116469	0.0007214258883784722	1.6099211426504862	2025-03-29	2026-04-04
high_fidelity	with_current_ed	48453	RSV	TX_DSHS_RESP_ED_VISITS_GRAPH3	4	ridge_ww_only	59	52	0.0017221932985035323	0.0013286663952763443	2.176074699752088	2025-03-29	2026-04-04
high_fidelity	with_current_ed	48453	RSV	TX_DSHS_RESP_ED_VISITS_GRAPH3	4	ridge_fusion	59	52	0.0011268705324489494	0.0008584591924227217	1.6406810677864476	2025-03-29	2026-04-04
high_fidelity	early_warning	48453	RSV	TX_DSHS_RESP_ED_VISITS_GRAPH3	4	naive_persistence	59	52	0.001533219249050383	0.0009878488072227387	0.8454786835717344	2025-03-29	2026-04-04
high_fidelity	early_warning	48453	RSV	TX_DSHS_RESP_ED_VISITS_GRAPH3	4	ridge_ar	59	52	0.0010920546333512582	0.000923429371569505	1.9390210392206142	2025-03-29	2026-04-04
high_fidelity	early_warning	48453	RSV	TX_DSHS_RESP_ED_VISITS_GRAPH3	4	ridge_ww_only	59	52	0.0017221932985035323	0.0013286663952763443	2.176074699752088	2025-03-29	2026-04-04
high_fidelity	early_warning	48453	RSV	TX_DSHS_RESP_ED_VISITS_GRAPH3	4	ridge_fusion	59	52	0.0016701610916888996	0.0012274265543311045	1.9796170645930682	2025-03-29	2026-04-04
high_fidelity	with_current_ed	53061	COVID-19	WA_RESP_ED_HOSP_CSV	1	naive_persistence	76	52	0.0018449515315709943	0.0013653846153846155	0.32550729771868736	2025-04-19	2026-04-11
high_fidelity	with_current_ed	53061	COVID-19	WA_RESP_ED_HOSP_CSV	1	ridge_ar	76	52	0.0019227302370857984	0.0013758481472939837	0.41243646888005164	2025-04-19	2026-04-11
high_fidelity	with_current_ed	53061	COVID-19	WA_RESP_ED_HOSP_CSV	1	ridge_ww_only	76	52	0.0047331100505386	0.004084684991398952	1.2051930654171246	2025-04-19	2026-04-11
high_fidelity	with_current_ed	53061	COVID-19	WA_RESP_ED_HOSP_CSV	1	ridge_fusion	76	52	0.0019288138090476062	0.0014194365169255675	0.42558769998181584	2025-04-19	2026-04-11
high_fidelity	early_warning	53061	COVID-19	WA_RESP_ED_HOSP_CSV	1	naive_persistence	76	52	0.0026854307776478727	0.0019038461538461503	0.44470332092757003	2025-04-19	2026-04-11
high_fidelity	early_warning	53061	COVID-19	WA_RESP_ED_HOSP_CSV	1	ridge_ar	76	52	0.002716054695150042	0.001925528316766244	0.5993984000678044	2025-04-19	2026-04-11
high_fidelity	early_warning	53061	COVID-19	WA_RESP_ED_HOSP_CSV	1	ridge_ww_only	76	52	0.0047331100505386	0.004084684991398952	1.2051930654171246	2025-04-19	2026-04-11
high_fidelity	early_warning	53061	COVID-19	WA_RESP_ED_HOSP_CSV	1	ridge_fusion	76	52	0.0027446297003499557	0.0021399866416815048	0.5995884670119815	2025-04-19	2026-04-11
high_fidelity	with_current_ed	53061	COVID-19	WA_RESP_ED_HOSP_CSV	2	naive_persistence	75	52	0.0026854307776478727	0.0019038461538461503	0.44470332092757003	2025-04-19	2026-04-11
high_fidelity	with_current_ed	53061	COVID-19	WA_RESP_ED_HOSP_CSV	2	ridge_ar	75	52	0.0028558795045068026	0.0020544800999708758	0.6145630628227547	2025-04-19	2026-04-11
high_fidelity	with_current_ed	53061	COVID-19	WA_RESP_ED_HOSP_CSV	2	ridge_ww_only	75	52	0.005318121881368674	0.004502765694020092	1.5024675266213754	2025-04-19	2026-04-11
high_fidelity	with_current_ed	53061	COVID-19	WA_RESP_ED_HOSP_CSV	2	ridge_fusion	75	52	0.0028880386405480364	0.0021049313467133984	0.6438607870534558	2025-04-19	2026-04-11
high_fidelity	early_warning	53061	COVID-19	WA_RESP_ED_HOSP_CSV	2	naive_persistence	75	52	0.003697712390529706	0.0024807692307692235	0.5098426734679401	2025-04-19	2026-04-11
high_fidelity	early_warning	53061	COVID-19	WA_RESP_ED_HOSP_CSV	2	ridge_ar	75	52	0.0037956497659206766	0.002929466795153886	0.8179620259585089	2025-04-19	2026-04-11
high_fidelity	early_warning	53061	COVID-19	WA_RESP_ED_HOSP_CSV	2	ridge_ww_only	75	52	0.005318121881368674	0.004502765694020092	1.5024675266213754	2025-04-19	2026-04-11
high_fidelity	early_warning	53061	COVID-19	WA_RESP_ED_HOSP_CSV	2	ridge_fusion	75	52	0.003809749681551769	0.002931493830794604	0.8574304491635529	2025-04-19	2026-04-11
high_fidelity	with_current_ed	53061	COVID-19	WA_RESP_ED_HOSP_CSV	3	naive_persistence	74	52	0.003697712390529706	0.0024807692307692235	0.5098426734679401	2025-04-19	2026-04-11
high_fidelity	with_current_ed	53061	COVID-19	WA_RESP_ED_HOSP_CSV	3	ridge_ar	74	52	0.00401910354045815	0.003114259335216563	0.8789262949188613	2025-04-19	2026-04-11
high_fidelity	with_current_ed	53061	COVID-19	WA_RESP_ED_HOSP_CSV	3	ridge_ww_only	74	52	0.005884105757411724	0.004896058817365923	1.6200501212685912	2025-04-19	2026-04-11
high_fidelity	with_current_ed	53061	COVID-19	WA_RESP_ED_HOSP_CSV	3	ridge_fusion	74	52	0.0039937710406409066	0.003114176139492273	0.8901554945699274	2025-04-19	2026-04-11
high_fidelity	early_warning	53061	COVID-19	WA_RESP_ED_HOSP_CSV	3	naive_persistence	74	52	0.0044957244645928264	0.00290384615384615	0.6429191973614748	2025-04-19	2026-04-11
high_fidelity	early_warning	53061	COVID-19	WA_RESP_ED_HOSP_CSV	3	ridge_ar	74	52	0.004834705449453558	0.0037724870549869947	1.144496733429474	2025-04-19	2026-04-11
high_fidelity	early_warning	53061	COVID-19	WA_RESP_ED_HOSP_CSV	3	ridge_ww_only	74	52	0.005884105757411724	0.004896058817365923	1.6200501212685912	2025-04-19	2026-04-11
high_fidelity	early_warning	53061	COVID-19	WA_RESP_ED_HOSP_CSV	3	ridge_fusion	74	52	0.004801347371212736	0.0037570673614770187	1.1455289028116753	2025-04-19	2026-04-11
high_fidelity	with_current_ed	53061	COVID-19	WA_RESP_ED_HOSP_CSV	4	naive_persistence	73	52	0.0044957244645928264	0.00290384615384615	0.6429191973614748	2025-04-19	2026-04-11
high_fidelity	with_current_ed	53061	COVID-19	WA_RESP_ED_HOSP_CSV	4	ridge_ar	73	52	0.005046829617186855	0.004044465292321472	1.2067823858374085	2025-04-19	2026-04-11
high_fidelity	with_current_ed	53061	COVID-19	WA_RESP_ED_HOSP_CSV	4	ridge_ww_only	73	52	0.0064677193026344655	0.005193833178013544	1.6270552523451478	2025-04-19	2026-04-11
high_fidelity	with_current_ed	53061	COVID-19	WA_RESP_ED_HOSP_CSV	4	ridge_fusion	73	52	0.005012738086481766	0.004010045398515799	1.1777207760695427	2025-04-19	2026-04-11
high_fidelity	early_warning	53061	COVID-19	WA_RESP_ED_HOSP_CSV	4	naive_persistence	73	52	0.005304207328585056	0.003403846153846154	0.8853031072450874	2025-04-19	2026-04-11
high_fidelity	early_warning	53061	COVID-19	WA_RESP_ED_HOSP_CSV	4	ridge_ar	73	52	0.005929438995651669	0.004817109609262271	1.6002419737830367	2025-04-19	2026-04-11
high_fidelity	early_warning	53061	COVID-19	WA_RESP_ED_HOSP_CSV	4	ridge_ww_only	73	52	0.0064677193026344655	0.005193833178013544	1.6270552523451478	2025-04-19	2026-04-11
high_fidelity	early_warning	53061	COVID-19	WA_RESP_ED_HOSP_CSV	4	ridge_fusion	73	52	0.005807206397201118	0.004609843962646678	1.4350568537894934	2025-04-19	2026-04-11
high_fidelity	with_current_ed	53061	Influenza	WA_RESP_ED_HOSP_CSV	1	naive_persistence	76	52	0.004669870694964956	0.0024230769230769392	2.204009714099895	2025-04-19	2026-04-11
high_fidelity	with_current_ed	53061	Influenza	WA_RESP_ED_HOSP_CSV	1	ridge_ar	76	52	0.004631939653190444	0.002625172742224627	0.4762196437781101	2025-04-19	2026-04-11
high_fidelity	with_current_ed	53061	Influenza	WA_RESP_ED_HOSP_CSV	1	ridge_ww_only	76	52	0.005473660755214547	0.004212009953791142	3.7701670974795887	2025-04-19	2026-04-11
high_fidelity	with_current_ed	53061	Influenza	WA_RESP_ED_HOSP_CSV	1	ridge_fusion	76	52	0.004505028420355529	0.002700396133165384	0.6536523168018966	2025-04-19	2026-04-11
high_fidelity	early_warning	53061	Influenza	WA_RESP_ED_HOSP_CSV	1	naive_persistence	76	52	0.00681062518309557	0.00415384615384616	2.3705798818076103	2025-04-19	2026-04-11
high_fidelity	early_warning	53061	Influenza	WA_RESP_ED_HOSP_CSV	1	ridge_ar	76	52	0.006342086027794339	0.004195120554868473	3.7263402590950596	2025-04-19	2026-04-11
high_fidelity	early_warning	53061	Influenza	WA_RESP_ED_HOSP_CSV	1	ridge_ww_only	76	52	0.005473660755214547	0.004212009953791142	3.7701670974795887	2025-04-19	2026-04-11
high_fidelity	early_warning	53061	Influenza	WA_RESP_ED_HOSP_CSV	1	ridge_fusion	76	52	0.005489374666432847	0.003856141979841727	3.0664303069226877	2025-04-19	2026-04-11
high_fidelity	with_current_ed	53061	Influenza	WA_RESP_ED_HOSP_CSV	2	naive_persistence	75	52	0.00681062518309557	0.00415384615384616	2.3705798818076103	2025-04-19	2026-04-11
high_fidelity	with_current_ed	53061	Influenza	WA_RESP_ED_HOSP_CSV	2	ridge_ar	75	52	0.006603654603287877	0.004379841340665045	3.605286107453431	2025-04-19	2026-04-11
high_fidelity	with_current_ed	53061	Influenza	WA_RESP_ED_HOSP_CSV	2	ridge_ww_only	75	52	0.006626730235256766	0.005370475895629009	5.973135135213115	2025-04-19	2026-04-11
high_fidelity	with_current_ed	53061	Influenza	WA_RESP_ED_HOSP_CSV	2	ridge_fusion	75	52	0.006696671700528032	0.0046093501394477935	4.102599009856826	2025-04-19	2026-04-11
high_fidelity	early_warning	53061	Influenza	WA_RESP_ED_HOSP_CSV	2	naive_persistence	75	52	0.007537087786916935	0.004923076923076925	2.4839817292387543	2025-04-19	2026-04-11
high_fidelity	early_warning	53061	Influenza	WA_RESP_ED_HOSP_CSV	2	ridge_ar	75	52	0.005969724180467199	0.004601847545638817	7.77288491478257	2025-04-19	2026-04-11
high_fidelity	early_warning	53061	Influenza	WA_RESP_ED_HOSP_CSV	2	ridge_ww_only	75	52	0.006626730235256766	0.005370475895629009	5.973135135213115	2025-04-19	2026-04-11
high_fidelity	early_warning	53061	Influenza	WA_RESP_ED_HOSP_CSV	2	ridge_fusion	75	52	0.006545039778172673	0.005153259923986668	7.103695316152708	2025-04-19	2026-04-11
high_fidelity	with_current_ed	53061	Influenza	WA_RESP_ED_HOSP_CSV	3	naive_persistence	74	52	0.007537087786916935	0.004923076923076925	2.4839817292387543	2025-04-19	2026-04-11
high_fidelity	with_current_ed	53061	Influenza	WA_RESP_ED_HOSP_CSV	3	ridge_ar	74	52	0.005993399419566729	0.004631454618193493	7.585401138913715	2025-04-19	2026-04-11
high_fidelity	with_current_ed	53061	Influenza	WA_RESP_ED_HOSP_CSV	3	ridge_ww_only	74	52	0.006785154871951417	0.005559108113530482	7.705726552396093	2025-04-19	2026-04-11
high_fidelity	with_current_ed	53061	Influenza	WA_RESP_ED_HOSP_CSV	3	ridge_fusion	74	52	0.006356200537327099	0.00489464288671497	7.872907956285806	2025-04-19	2026-04-11
high_fidelity	early_warning	53061	Influenza	WA_RESP_ED_HOSP_CSV	3	naive_persistence	74	52	0.009031994413025466	0.006076923076923079	6.469159405185023	2025-04-19	2026-04-11
high_fidelity	early_warning	53061	Influenza	WA_RESP_ED_HOSP_CSV	3	ridge_ar	74	52	0.006082433468051745	0.005068723312692206	7.52392220634257	2025-04-19	2026-04-11
high_fidelity	early_warning	53061	Influenza	WA_RESP_ED_HOSP_CSV	3	ridge_ww_only	74	52	0.006785154871951417	0.005559108113530482	7.705726552396093	2025-04-19	2026-04-11
high_fidelity	early_warning	53061	Influenza	WA_RESP_ED_HOSP_CSV	3	ridge_fusion	74	52	0.006785500482272171	0.005541683580879685	8.22719459828197	2025-04-19	2026-04-11
high_fidelity	with_current_ed	53061	Influenza	WA_RESP_ED_HOSP_CSV	4	naive_persistence	73	52	0.009031994413025466	0.006076923076923079	6.469159405185023	2025-04-19	2026-04-11
high_fidelity	with_current_ed	53061	Influenza	WA_RESP_ED_HOSP_CSV	4	ridge_ar	73	52	0.005943235726852917	0.0049380774068587974	7.278058783067012	2025-04-19	2026-04-11
high_fidelity	with_current_ed	53061	Influenza	WA_RESP_ED_HOSP_CSV	4	ridge_ww_only	73	52	0.006484366526391869	0.005510260343017855	9.174447597749465	2025-04-19	2026-04-11
high_fidelity	with_current_ed	53061	Influenza	WA_RESP_ED_HOSP_CSV	4	ridge_fusion	73	52	0.00597828645368733	0.004985183015756132	7.783470429434686	2025-04-19	2026-04-11
high_fidelity	early_warning	53061	Influenza	WA_RESP_ED_HOSP_CSV	4	naive_persistence	73	52	0.011138118885507213	0.007519230769230765	8.531788218490329	2025-04-19	2026-04-11
high_fidelity	early_warning	53061	Influenza	WA_RESP_ED_HOSP_CSV	4	ridge_ar	73	52	0.006663022221029474	0.005451287184912308	7.912897981424665	2025-04-19	2026-04-11
high_fidelity	early_warning	53061	Influenza	WA_RESP_ED_HOSP_CSV	4	ridge_ww_only	73	52	0.006484366526391869	0.005510260343017855	9.174447597749465	2025-04-19	2026-04-11
high_fidelity	early_warning	53061	Influenza	WA_RESP_ED_HOSP_CSV	4	ridge_fusion	73	52	0.0063385905672225335	0.005331808970771689	8.610189857908276	2025-04-19	2026-04-11
high_fidelity	with_current_ed	53061	RSV	WA_RESP_ED_HOSP_CSV	1	naive_persistence	76	52	0.0010830867569483719	0.0005961538461538538	3.9802274114774128	2025-04-19	2026-04-11
high_fidelity	with_current_ed	53061	RSV	WA_RESP_ED_HOSP_CSV	1	ridge_ar	76	52	0.0011593345916143263	0.0009129680494521527	18.025449526223337	2025-04-19	2026-04-11
high_fidelity	with_current_ed	53061	RSV	WA_RESP_ED_HOSP_CSV	1	ridge_ww_only	76	52	0.003844733126640027	0.003086318492282409	104.30310779973321	2025-04-19	2026-04-11
high_fidelity	with_current_ed	53061	RSV	WA_RESP_ED_HOSP_CSV	1	ridge_fusion	76	52	0.0014004495592657693	0.001128776837493984	26.806581915411325	2025-04-19	2026-04-11
high_fidelity	early_warning	53061	RSV	WA_RESP_ED_HOSP_CSV	1	naive_persistence	76	52	0.0013587324409735247	0.0008076923076923154	5.963606532356533	2025-04-19	2026-04-11
high_fidelity	early_warning	53061	RSV	WA_RESP_ED_HOSP_CSV	1	ridge_ar	76	52	0.0016053922016082672	0.0012598828483802256	29.409185088634935	2025-04-19	2026-04-11
high_fidelity	early_warning	53061	RSV	WA_RESP_ED_HOSP_CSV	1	ridge_ww_only	76	52	0.003844733126640027	0.003086318492282409	104.30310779973321	2025-04-19	2026-04-11
high_fidelity	early_warning	53061	RSV	WA_RESP_ED_HOSP_CSV	1	ridge_fusion	76	52	0.00212518539098394	0.0017880888653059059	50.1983653530024	2025-04-19	2026-04-11
high_fidelity	with_current_ed	53061	RSV	WA_RESP_ED_HOSP_CSV	2	naive_persistence	75	52	0.0013587324409735247	0.0008076923076923154	5.963606532356533	2025-04-19	2026-04-11
high_fidelity	with_current_ed	53061	RSV	WA_RESP_ED_HOSP_CSV	2	ridge_ar	75	52	0.001616135536841757	0.00130821437847048	29.95715018349114	2025-04-19	2026-04-11
high_fidelity	with_current_ed	53061	RSV	WA_RESP_ED_HOSP_CSV	2	ridge_ww_only	75	52	0.004099809947903258	0.0033321601816282045	114.85514637112206	2025-04-19	2026-04-11
high_fidelity	with_current_ed	53061	RSV	WA_RESP_ED_HOSP_CSV	2	ridge_fusion	75	52	0.002309922277897048	0.001994313583695103	58.18692203564855	2025-04-19	2026-04-11
high_fidelity	early_warning	53061	RSV	WA_RESP_ED_HOSP_CSV	2	naive_persistence	75	52	0.0017097008285302192	0.000923076923076923	7.958089133089133	2025-04-19	2026-04-11
high_fidelity	early_warning	53061	RSV	WA_RESP_ED_HOSP_CSV	2	ridge_ar	75	52	0.0020651893783693496	0.0016656344784555172	41.740702998047304	2025-04-19	2026-04-11
high_fidelity	early_warning	53061	RSV	WA_RESP_ED_HOSP_CSV	2	ridge_ww_only	75	52	0.004099809947903258	0.0033321601816282045	114.85514637112206	2025-04-19	2026-04-11
high_fidelity	early_warning	53061	RSV	WA_RESP_ED_HOSP_CSV	2	ridge_fusion	75	52	0.0029959284729065092	0.0025106177797192316	78.17328245986205	2025-04-19	2026-04-11
high_fidelity	with_current_ed	53061	RSV	WA_RESP_ED_HOSP_CSV	3	naive_persistence	74	52	0.0017097008285302192	0.000923076923076923	7.958089133089133	2025-04-19	2026-04-11
high_fidelity	with_current_ed	53061	RSV	WA_RESP_ED_HOSP_CSV	3	ridge_ar	74	52	0.0020727631358028378	0.0016743362411550987	41.62172796552482	2025-04-19	2026-04-11
high_fidelity	with_current_ed	53061	RSV	WA_RESP_ED_HOSP_CSV	3	ridge_ww_only	74	52	0.004213689913179366	0.0034682462575620077	122.29415905878346	2025-04-19	2026-04-11
high_fidelity	with_current_ed	53061	RSV	WA_RESP_ED_HOSP_CSV	3	ridge_fusion	74	52	0.0031173891485429123	0.002662435471248328	85.30481932185788	2025-04-19	2026-04-11
high_fidelity	early_warning	53061	RSV	WA_RESP_ED_HOSP_CSV	3	naive_persistence	74	52	0.0019513309067639725	0.001192307692307696	8.028945360195362	2025-04-19	2026-04-11
high_fidelity	early_warning	53061	RSV	WA_RESP_ED_HOSP_CSV	3	ridge_ar	74	52	0.0023698315093026805	0.0018822261313387787	53.30716255824801	2025-04-19	2026-04-11
high_fidelity	early_warning	53061	RSV	WA_RESP_ED_HOSP_CSV	3	ridge_ww_only	74	52	0.004213689913179366	0.0034682462575620077	122.29415905878346	2025-04-19	2026-04-11
high_fidelity	early_warning	53061	RSV	WA_RESP_ED_HOSP_CSV	3	ridge_fusion	74	52	0.003601382040662977	0.003018404012641334	103.02371111144072	2025-04-19	2026-04-11
high_fidelity	with_current_ed	53061	RSV	WA_RESP_ED_HOSP_CSV	4	naive_persistence	73	52	0.0019513309067639725	0.001192307692307696	8.028945360195362	2025-04-19	2026-04-11
high_fidelity	with_current_ed	53061	RSV	WA_RESP_ED_HOSP_CSV	4	ridge_ar	73	52	0.0023439442521449713	0.001882909894667186	50.565050816494136	2025-04-19	2026-04-11
high_fidelity	with_current_ed	53061	RSV	WA_RESP_ED_HOSP_CSV	4	ridge_ww_only	73	52	0.004232023413478511	0.0035163341616590064	122.78070204391231	2025-04-19	2026-04-11
high_fidelity	with_current_ed	53061	RSV	WA_RESP_ED_HOSP_CSV	4	ridge_fusion	73	52	0.0036697655069573296	0.0031498467746644003	108.69210989475258	2025-04-19	2026-04-11
high_fidelity	early_warning	53061	RSV	WA_RESP_ED_HOSP_CSV	4	naive_persistence	73	52	0.0023533936216582076	0.0015000000000000002	10.06481227106227	2025-04-19	2026-04-11
high_fidelity	early_warning	53061	RSV	WA_RESP_ED_HOSP_CSV	4	ridge_ar	73	52	0.002673173020743598	0.002114005356697154	58.99113945900602	2025-04-19	2026-04-11
high_fidelity	early_warning	53061	RSV	WA_RESP_ED_HOSP_CSV	4	ridge_ww_only	73	52	0.004232023413478511	0.0035163341616590064	122.78070204391231	2025-04-19	2026-04-11
high_fidelity	early_warning	53061	RSV	WA_RESP_ED_HOSP_CSV	4	ridge_fusion	73	52	0.004092980164555443	0.0034927866005771413	122.79191902912225	2025-04-19	2026-04-11
high_fidelity	with_current_ed	53063	COVID-19	WA_RESP_ED_HOSP_CSV	1	naive_persistence	75	52	0.0015504341823651018	0.0011730769230769193	0.23068384606846107	2025-04-12	2026-04-04
high_fidelity	with_current_ed	53063	COVID-19	WA_RESP_ED_HOSP_CSV	1	ridge_ar	75	52	0.001710740879076879	0.0013267132616331509	0.3005268440195902	2025-04-12	2026-04-04
high_fidelity	with_current_ed	53063	COVID-19	WA_RESP_ED_HOSP_CSV	1	ridge_ww_only	75	52	0.003925692675880589	0.0030843204352697527	0.7672186655536785	2025-04-12	2026-04-04
high_fidelity	with_current_ed	53063	COVID-19	WA_RESP_ED_HOSP_CSV	1	ridge_fusion	75	52	0.0016665141349237417	0.0012809769082300462	0.26533990742314684	2025-04-12	2026-04-04
high_fidelity	early_warning	53063	COVID-19	WA_RESP_ED_HOSP_CSV	1	naive_persistence	75	52	0.0022144629493053417	0.0017115384615384558	0.3351268923384302	2025-04-12	2026-04-04
high_fidelity	early_warning	53063	COVID-19	WA_RESP_ED_HOSP_CSV	1	ridge_ar	75	52	0.002617941421246794	0.002092477878716148	0.5103511268861216	2025-04-12	2026-04-04
high_fidelity	early_warning	53063	COVID-19	WA_RESP_ED_HOSP_CSV	1	ridge_ww_only	75	52	0.003925692675880589	0.0030843204352697527	0.7672186655536785	2025-04-12	2026-04-04
high_fidelity	early_warning	53063	COVID-19	WA_RESP_ED_HOSP_CSV	1	ridge_fusion	75	52	0.002296853645150779	0.001881159357820079	0.406699620922347	2025-04-12	2026-04-04
high_fidelity	with_current_ed	53063	COVID-19	WA_RESP_ED_HOSP_CSV	2	naive_persistence	74	52	0.0022144629493053417	0.0017115384615384558	0.3351268923384302	2025-04-12	2026-04-04
high_fidelity	with_current_ed	53063	COVID-19	WA_RESP_ED_HOSP_CSV	2	ridge_ar	74	52	0.0026406206140496755	0.002094402800809705	0.5072240163735988	2025-04-12	2026-04-04
high_fidelity	with_current_ed	53063	COVID-19	WA_RESP_ED_HOSP_CSV	2	ridge_ww_only	74	52	0.003703532833897887	0.002919660530677397	0.6851390667163884	2025-04-12	2026-04-04
high_fidelity	with_current_ed	53063	COVID-19	WA_RESP_ED_HOSP_CSV	2	ridge_fusion	74	52	0.0024305751570830028	0.0019092339582092543	0.4019952444927984	2025-04-12	2026-04-04
high_fidelity	early_warning	53063	COVID-19	WA_RESP_ED_HOSP_CSV	2	naive_persistence	74	52	0.0027032743678162374	0.0020769230769230713	0.40412867047482365	2025-04-12	2026-04-04
high_fidelity	early_warning	53063	COVID-19	WA_RESP_ED_HOSP_CSV	2	ridge_ar	74	52	0.003331782095670076	0.0026054471009221702	0.6621477431652742	2025-04-12	2026-04-04
high_fidelity	early_warning	53063	COVID-19	WA_RESP_ED_HOSP_CSV	2	ridge_ww_only	74	52	0.003703532833897887	0.002919660530677397	0.6851390667163884	2025-04-12	2026-04-04
high_fidelity	early_warning	53063	COVID-19	WA_RESP_ED_HOSP_CSV	2	ridge_fusion	74	52	0.0026585591622057705	0.0020201918415586897	0.42795064737424443	2025-04-12	2026-04-04
high_fidelity	with_current_ed	53063	COVID-19	WA_RESP_ED_HOSP_CSV	3	naive_persistence	73	52	0.0027032743678162374	0.0020769230769230713	0.40412867047482365	2025-04-12	2026-04-04
high_fidelity	with_current_ed	53063	COVID-19	WA_RESP_ED_HOSP_CSV	3	ridge_ar	73	52	0.0033616122755104213	0.0026183430422313503	0.6627147085621856	2025-04-12	2026-04-04
high_fidelity	with_current_ed	53063	COVID-19	WA_RESP_ED_HOSP_CSV	3	ridge_ww_only	73	52	0.0037815403905336327	0.003170697207421663	0.7184580039549131	2025-04-12	2026-04-04
high_fidelity	with_current_ed	53063	COVID-19	WA_RESP_ED_HOSP_CSV	3	ridge_fusion	73	52	0.0031118430362764866	0.002388000597697444	0.5879422331535723	2025-04-12	2026-04-04
high_fidelity	early_warning	53063	COVID-19	WA_RESP_ED_HOSP_CSV	3	naive_persistence	73	52	0.003299184048308812	0.0025384615384615307	0.5049454285031195	2025-04-12	2026-04-04
high_fidelity	early_warning	53063	COVID-19	WA_RESP_ED_HOSP_CSV	3	ridge_ar	73	52	0.004064723292674045	0.003169323896246901	0.8149462977406808	2025-04-12	2026-04-04
high_fidelity	early_warning	53063	COVID-19	WA_RESP_ED_HOSP_CSV	3	ridge_ww_only	73	52	0.0037815403905336327	0.003170697207421663	0.7184580039549131	2025-04-12	2026-04-04
high_fidelity	early_warning	53063	COVID-19	WA_RESP_ED_HOSP_CSV	3	ridge_fusion	73	52	0.0032886379213182024	0.0024419829097719692	0.5611949196757067	2025-04-12	2026-04-04
high_fidelity	with_current_ed	53063	COVID-19	WA_RESP_ED_HOSP_CSV	4	naive_persistence	72	52	0.003299184048308812	0.0025384615384615307	0.5049454285031195	2025-04-12	2026-04-04
high_fidelity	with_current_ed	53063	COVID-19	WA_RESP_ED_HOSP_CSV	4	ridge_ar	72	52	0.0041454406936574815	0.003256031241664685	0.8297045355781246	2025-04-12	2026-04-04
high_fidelity	with_current_ed	53063	COVID-19	WA_RESP_ED_HOSP_CSV	4	ridge_ww_only	72	52	0.004134949302961775	0.0034248319964049314	0.7804282131985647	2025-04-12	2026-04-04
high_fidelity	with_current_ed	53063	COVID-19	WA_RESP_ED_HOSP_CSV	4	ridge_fusion	72	52	0.003914371437996201	0.0031000273076227758	0.7723976545049626	2025-04-12	2026-04-04
high_fidelity	early_warning	53063	COVID-19	WA_RESP_ED_HOSP_CSV	4	naive_persistence	72	52	0.00384307569132208	0.002961538461538454	0.6024668707360998	2025-04-12	2026-04-04
high_fidelity	early_warning	53063	COVID-19	WA_RESP_ED_HOSP_CSV	4	ridge_ar	72	52	0.004671275980794855	0.0036445079193373506	0.9482058300574594	2025-04-12	2026-04-04
high_fidelity	early_warning	53063	COVID-19	WA_RESP_ED_HOSP_CSV	4	ridge_ww_only	72	52	0.004134949302961775	0.0034248319964049314	0.7804282131985647	2025-04-12	2026-04-04
high_fidelity	early_warning	53063	COVID-19	WA_RESP_ED_HOSP_CSV	4	ridge_fusion	72	52	0.004033569782748345	0.003209328885163932	0.7827973705582129	2025-04-12	2026-04-04
high_fidelity	with_current_ed	53063	Influenza	WA_RESP_ED_HOSP_CSV	1	naive_persistence	75	52	0.004714951667914443	0.0026153846153846158	4.163882427037266	2025-04-12	2026-04-04
high_fidelity	with_current_ed	53063	Influenza	WA_RESP_ED_HOSP_CSV	1	ridge_ar	75	52	0.003912510389641816	0.002871803379639221	14.66308482724034	2025-04-12	2026-04-04
high_fidelity	with_current_ed	53063	Influenza	WA_RESP_ED_HOSP_CSV	1	ridge_ww_only	75	52	0.008007402681673844	0.004664176095451244	14.460208876581305	2025-04-12	2026-04-04
high_fidelity	with_current_ed	53063	Influenza	WA_RESP_ED_HOSP_CSV	1	ridge_fusion	75	52	0.0044709540314926	0.0028519628470826306	12.718958257586287	2025-04-12	2026-04-04
high_fidelity	early_warning	53063	Influenza	WA_RESP_ED_HOSP_CSV	1	naive_persistence	75	52	0.007880111283868636	0.0042499999999999994	6.15307841325961	2025-04-12	2026-04-04
high_fidelity	early_warning	53063	Influenza	WA_RESP_ED_HOSP_CSV	1	ridge_ar	75	52	0.006211843298903729	0.004610298433163693	28.01226786376155	2025-04-12	2026-04-04
high_fidelity	early_warning	53063	Influenza	WA_RESP_ED_HOSP_CSV	1	ridge_ww_only	75	52	0.008007402681673844	0.004664176095451244	14.460208876581305	2025-04-12	2026-04-04
high_fidelity	early_warning	53063	Influenza	WA_RESP_ED_HOSP_CSV	1	ridge_fusion	75	52	0.00808015833807326	0.00475333380407191	14.945947122116902	2025-04-12	2026-04-04
high_fidelity	with_current_ed	53063	Influenza	WA_RESP_ED_HOSP_CSV	2	naive_persistence	74	52	0.007880111283868636	0.0042499999999999994	6.15307841325961	2025-04-12	2026-04-04
high_fidelity	with_current_ed	53063	Influenza	WA_RESP_ED_HOSP_CSV	2	ridge_ar	74	52	0.006258238622073012	0.004625012640519582	28.242368547714218	2025-04-12	2026-04-04
high_fidelity	with_current_ed	53063	Influenza	WA_RESP_ED_HOSP_CSV	2	ridge_ww_only	74	52	0.008960871338956001	0.006172357337504802	33.62480810761274	2025-04-12	2026-04-04
high_fidelity	with_current_ed	53063	Influenza	WA_RESP_ED_HOSP_CSV	2	ridge_fusion	74	52	0.006533143500006425	0.004497682440049795	26.846658010859148	2025-04-12	2026-04-04
high_fidelity	early_warning	53063	Influenza	WA_RESP_ED_HOSP_CSV	2	naive_persistence	74	52	0.010644608602841735	0.00580769230769231	8.223547747613214	2025-04-12	2026-04-04
high_fidelity	early_warning	53063	Influenza	WA_RESP_ED_HOSP_CSV	2	ridge_ar	74	52	0.00820027419676171	0.005903350301907465	48.83031750736076	2025-04-12	2026-04-04
high_fidelity	early_warning	53063	Influenza	WA_RESP_ED_HOSP_CSV	2	ridge_ww_only	74	52	0.008960871338956001	0.006172357337504802	33.62480810761274	2025-04-12	2026-04-04
high_fidelity	early_warning	53063	Influenza	WA_RESP_ED_HOSP_CSV	2	ridge_fusion	74	52	0.009732865718111142	0.006311946512992703	34.70915040196131	2025-04-12	2026-04-04
high_fidelity	with_current_ed	53063	Influenza	WA_RESP_ED_HOSP_CSV	3	naive_persistence	73	52	0.010644608602841735	0.00580769230769231	8.223547747613214	2025-04-12	2026-04-04
high_fidelity	with_current_ed	53063	Influenza	WA_RESP_ED_HOSP_CSV	3	ridge_ar	73	52	0.008283641031197466	0.006017813240050801	48.085486277365426	2025-04-12	2026-04-04
high_fidelity	with_current_ed	53063	Influenza	WA_RESP_ED_HOSP_CSV	3	ridge_ww_only	73	52	0.009672623331148798	0.00743142034601388	52.90488530489244	2025-04-12	2026-04-04
high_fidelity	with_current_ed	53063	Influenza	WA_RESP_ED_HOSP_CSV	3	ridge_fusion	73	52	0.008932195905659319	0.00617598060020118	45.17141527482985	2025-04-12	2026-04-04
high_fidelity	early_warning	53063	Influenza	WA_RESP_ED_HOSP_CSV	3	naive_persistence	73	52	0.0128032447810341	0.0075000000000000015	10.38314822389085	2025-04-12	2026-04-04
high_fidelity	early_warning	53063	Influenza	WA_RESP_ED_HOSP_CSV	3	ridge_ar	73	52	0.009169769702529305	0.006603448368580813	64.72857277489955	2025-04-12	2026-04-04
high_fidelity	early_warning	53063	Influenza	WA_RESP_ED_HOSP_CSV	3	ridge_ww_only	73	52	0.009672623331148798	0.00743142034601388	52.90488530489244	2025-04-12	2026-04-04
high_fidelity	early_warning	53063	Influenza	WA_RESP_ED_HOSP_CSV	3	ridge_fusion	73	52	0.010639365291997093	0.007433031307025749	51.662198917930986	2025-04-12	2026-04-04
high_fidelity	with_current_ed	53063	Influenza	WA_RESP_ED_HOSP_CSV	4	naive_persistence	72	52	0.0128032447810341	0.0075000000000000015	10.38314822389085	2025-04-12	2026-04-04
high_fidelity	with_current_ed	53063	Influenza	WA_RESP_ED_HOSP_CSV	4	ridge_ar	72	52	0.00897447026389944	0.006657519660021282	63.928085393815316	2025-04-12	2026-04-04
high_fidelity	with_current_ed	53063	Influenza	WA_RESP_ED_HOSP_CSV	4	ridge_ww_only	72	52	0.009954655280141219	0.00789218387788876	69.43172514019282	2025-04-12	2026-04-04
high_fidelity	with_current_ed	53063	Influenza	WA_RESP_ED_HOSP_CSV	4	ridge_fusion	72	52	0.010087597866027087	0.007267145883656909	59.16064580144968	2025-04-12	2026-04-04
high_fidelity	early_warning	53063	Influenza	WA_RESP_ED_HOSP_CSV	4	naive_persistence	72	52	0.014755702939228931	0.00903846153846154	14.463035906421313	2025-04-12	2026-04-04
high_fidelity	early_warning	53063	Influenza	WA_RESP_ED_HOSP_CSV	4	ridge_ar	72	52	0.009365153022081369	0.007229430810001312	78.99712170786555	2025-04-12	2026-04-04
high_fidelity	early_warning	53063	Influenza	WA_RESP_ED_HOSP_CSV	4	ridge_ww_only	72	52	0.009954655280141219	0.00789218387788876	69.43172514019282	2025-04-12	2026-04-04
high_fidelity	early_warning	53063	Influenza	WA_RESP_ED_HOSP_CSV	4	ridge_fusion	72	52	0.011392717890647273	0.00822348339590749	65.192631679769	2025-04-12	2026-04-04
