commit_sha	commit_time_iso	week_end	metric	value
b69a4f8330649f28a966b10fba4916c18d78c0a4	2025-12-04T12:04:52-05:00	2025-09-13	Respiratory illness visits	6.99
b69a4f8330649f28a966b10fba4916c18d78c0a4	2025-12-04T12:04:52-05:00	2025-09-13	Respiratory illness hospitalizations	7.12
b69a4f8330649f28a966b10fba4916c18d78c0a4	2025-12-04T12:04:52-05:00	2025-09-20	Respiratory illness visits	8.2
b69a4f8330649f28a966b10fba4916c18d78c0a4	2025-12-04T12:04:52-05:00	2025-09-20	Respiratory illness hospitalizations	6.83
b69a4f8330649f28a966b10fba4916c18d78c0a4	2025-12-04T12:04:52-05:00	2025-09-27	Respiratory illness visits	8.31
b69a4f8330649f28a966b10fba4916c18d78c0a4	2025-12-04T12:04:52-05:00	2025-09-27	Respiratory illness hospitalizations	7.29
b69a4f8330649f28a966b10fba4916c18d78c0a4	2025-12-04T12:04:52-05:00	2025-10-04	Respiratory illness visits	7.99
b69a4f8330649f28a966b10fba4916c18d78c0a4	2025-12-04T12:04:52-05:00	2025-10-04	Respiratory illness hospitalizations	7.33
b69a4f8330649f28a966b10fba4916c18d78c0a4	2025-12-04T12:04:52-05:00	2025-10-11	Respiratory illness visits	7.7
b69a4f8330649f28a966b10fba4916c18d78c0a4	2025-12-04T12:04:52-05:00	2025-10-11	Respiratory illness hospitalizations	7.76
b69a4f8330649f28a966b10fba4916c18d78c0a4	2025-12-04T12:04:52-05:00	2025-10-18	Respiratory illness visits	7.93
b69a4f8330649f28a966b10fba4916c18d78c0a4	2025-12-04T12:04:52-05:00	2025-10-18	Respiratory illness hospitalizations	7.78
b69a4f8330649f28a966b10fba4916c18d78c0a4	2025-12-04T12:04:52-05:00	2025-10-25	Respiratory illness visits	8.23
b69a4f8330649f28a966b10fba4916c18d78c0a4	2025-12-04T12:04:52-05:00	2025-10-25	Respiratory illness hospitalizations	7.51
b69a4f8330649f28a966b10fba4916c18d78c0a4	2025-12-04T12:04:52-05:00	2025-11-01	Respiratory illness visits	8.48
b69a4f8330649f28a966b10fba4916c18d78c0a4	2025-12-04T12:04:52-05:00	2025-11-01	Respiratory illness hospitalizations	7.72
b69a4f8330649f28a966b10fba4916c18d78c0a4	2025-12-04T12:04:52-05:00	2025-11-08	Respiratory illness visits	9.4
b69a4f8330649f28a966b10fba4916c18d78c0a4	2025-12-04T12:04:52-05:00	2025-11-08	Respiratory illness hospitalizations	8.13
b69a4f8330649f28a966b10fba4916c18d78c0a4	2025-12-04T12:04:52-05:00	2025-11-15	Respiratory illness visits	9.61
b69a4f8330649f28a966b10fba4916c18d78c0a4	2025-12-04T12:04:52-05:00	2025-11-15	Respiratory illness hospitalizations	8.5
b69a4f8330649f28a966b10fba4916c18d78c0a4	2025-12-04T12:04:52-05:00	2025-11-22	Respiratory illness visits	11.42
b69a4f8330649f28a966b10fba4916c18d78c0a4	2025-12-04T12:04:52-05:00	2025-11-22	Respiratory illness hospitalizations	8.68
b69a4f8330649f28a966b10fba4916c18d78c0a4	2025-12-04T12:04:52-05:00	2025-11-29	Respiratory illness visits	14.75
b69a4f8330649f28a966b10fba4916c18d78c0a4	2025-12-04T12:04:52-05:00	2025-11-29	Respiratory illness hospitalizations	10.11
73a9c056bc5530194388bc505ff88670ac7ed91b	2025-12-11T11:21:25-05:00	2025-09-20	Respiratory illness visits	8.2
73a9c056bc5530194388bc505ff88670ac7ed91b	2025-12-11T11:21:25-05:00	2025-09-20	Respiratory illness hospitalizations	6.83
73a9c056bc5530194388bc505ff88670ac7ed91b	2025-12-11T11:21:25-05:00	2025-09-27	Respiratory illness visits	8.31
73a9c056bc5530194388bc505ff88670ac7ed91b	2025-12-11T11:21:25-05:00	2025-09-27	Respiratory illness hospitalizations	7.29
73a9c056bc5530194388bc505ff88670ac7ed91b	2025-12-11T11:21:25-05:00	2025-10-04	Respiratory illness visits	7.99
73a9c056bc5530194388bc505ff88670ac7ed91b	2025-12-11T11:21:25-05:00	2025-10-04	Respiratory illness hospitalizations	7.33
73a9c056bc5530194388bc505ff88670ac7ed91b	2025-12-11T11:21:25-05:00	2025-10-11	Respiratory illness visits	7.7
73a9c056bc5530194388bc505ff88670ac7ed91b	2025-12-11T11:21:25-05:00	2025-10-11	Respiratory illness hospitalizations	7.76
73a9c056bc5530194388bc505ff88670ac7ed91b	2025-12-11T11:21:25-05:00	2025-10-18	Respiratory illness visits	7.93
73a9c056bc5530194388bc505ff88670ac7ed91b	2025-12-11T11:21:25-05:00	2025-10-18	Respiratory illness hospitalizations	7.78
73a9c056bc5530194388bc505ff88670ac7ed91b	2025-12-11T11:21:25-05:00	2025-10-25	Respiratory illness visits	8.23
73a9c056bc5530194388bc505ff88670ac7ed91b	2025-12-11T11:21:25-05:00	2025-10-25	Respiratory illness hospitalizations	7.51
73a9c056bc5530194388bc505ff88670ac7ed91b	2025-12-11T11:21:25-05:00	2025-11-01	Respiratory illness visits	8.48
73a9c056bc5530194388bc505ff88670ac7ed91b	2025-12-11T11:21:25-05:00	2025-11-01	Respiratory illness hospitalizations	7.72
73a9c056bc5530194388bc505ff88670ac7ed91b	2025-12-11T11:21:25-05:00	2025-11-08	Respiratory illness visits	9.4
73a9c056bc5530194388bc505ff88670ac7ed91b	2025-12-11T11:21:25-05:00	2025-11-08	Respiratory illness hospitalizations	8.13
73a9c056bc5530194388bc505ff88670ac7ed91b	2025-12-11T11:21:25-05:00	2025-11-15	Respiratory illness visits	9.61
73a9c056bc5530194388bc505ff88670ac7ed91b	2025-12-11T11:21:25-05:00	2025-11-15	Respiratory illness hospitalizations	8.5
73a9c056bc5530194388bc505ff88670ac7ed91b	2025-12-11T11:21:25-05:00	2025-11-22	Respiratory illness visits	11.43
73a9c056bc5530194388bc505ff88670ac7ed91b	2025-12-11T11:21:25-05:00	2025-11-22	Respiratory illness hospitalizations	8.67
73a9c056bc5530194388bc505ff88670ac7ed91b	2025-12-11T11:21:25-05:00	2025-11-29	Respiratory illness visits	14.9
73a9c056bc5530194388bc505ff88670ac7ed91b	2025-12-11T11:21:25-05:00	2025-11-29	Respiratory illness hospitalizations	10.1
73a9c056bc5530194388bc505ff88670ac7ed91b	2025-12-11T11:21:25-05:00	2025-12-06	Respiratory illness visits	16.29
73a9c056bc5530194388bc505ff88670ac7ed91b	2025-12-11T11:21:25-05:00	2025-12-06	Respiratory illness hospitalizations	10.78
dc3c7b8c5375fca9c88fc68cecd07d083ea20e88	2025-12-18T12:41:48-05:00	2025-09-27	Respiratory illness visits	8.31
dc3c7b8c5375fca9c88fc68cecd07d083ea20e88	2025-12-18T12:41:48-05:00	2025-09-27	Respiratory illness hospitalizations	7.29
dc3c7b8c5375fca9c88fc68cecd07d083ea20e88	2025-12-18T12:41:48-05:00	2025-10-04	Respiratory illness visits	7.99
dc3c7b8c5375fca9c88fc68cecd07d083ea20e88	2025-12-18T12:41:48-05:00	2025-10-04	Respiratory illness hospitalizations	7.33
dc3c7b8c5375fca9c88fc68cecd07d083ea20e88	2025-12-18T12:41:48-05:00	2025-10-11	Respiratory illness visits	7.7
dc3c7b8c5375fca9c88fc68cecd07d083ea20e88	2025-12-18T12:41:48-05:00	2025-10-11	Respiratory illness hospitalizations	7.76
dc3c7b8c5375fca9c88fc68cecd07d083ea20e88	2025-12-18T12:41:48-05:00	2025-10-18	Respiratory illness visits	7.93
dc3c7b8c5375fca9c88fc68cecd07d083ea20e88	2025-12-18T12:41:48-05:00	2025-10-18	Respiratory illness hospitalizations	7.78
dc3c7b8c5375fca9c88fc68cecd07d083ea20e88	2025-12-18T12:41:48-05:00	2025-10-25	Respiratory illness visits	8.23
dc3c7b8c5375fca9c88fc68cecd07d083ea20e88	2025-12-18T12:41:48-05:00	2025-10-25	Respiratory illness hospitalizations	7.51
dc3c7b8c5375fca9c88fc68cecd07d083ea20e88	2025-12-18T12:41:48-05:00	2025-11-01	Respiratory illness visits	8.48
dc3c7b8c5375fca9c88fc68cecd07d083ea20e88	2025-12-18T12:41:48-05:00	2025-11-01	Respiratory illness hospitalizations	7.72
dc3c7b8c5375fca9c88fc68cecd07d083ea20e88	2025-12-18T12:41:48-05:00	2025-11-08	Respiratory illness visits	9.4
dc3c7b8c5375fca9c88fc68cecd07d083ea20e88	2025-12-18T12:41:48-05:00	2025-11-08	Respiratory illness hospitalizations	8.13
dc3c7b8c5375fca9c88fc68cecd07d083ea20e88	2025-12-18T12:41:48-05:00	2025-11-15	Respiratory illness visits	9.61
dc3c7b8c5375fca9c88fc68cecd07d083ea20e88	2025-12-18T12:41:48-05:00	2025-11-15	Respiratory illness hospitalizations	8.5
dc3c7b8c5375fca9c88fc68cecd07d083ea20e88	2025-12-18T12:41:48-05:00	2025-11-22	Respiratory illness visits	11.43
dc3c7b8c5375fca9c88fc68cecd07d083ea20e88	2025-12-18T12:41:48-05:00	2025-11-22	Respiratory illness hospitalizations	8.67
dc3c7b8c5375fca9c88fc68cecd07d083ea20e88	2025-12-18T12:41:48-05:00	2025-11-29	Respiratory illness visits	14.91
dc3c7b8c5375fca9c88fc68cecd07d083ea20e88	2025-12-18T12:41:48-05:00	2025-11-29	Respiratory illness hospitalizations	10.14
dc3c7b8c5375fca9c88fc68cecd07d083ea20e88	2025-12-18T12:41:48-05:00	2025-12-06	Respiratory illness visits	16.44
dc3c7b8c5375fca9c88fc68cecd07d083ea20e88	2025-12-18T12:41:48-05:00	2025-12-06	Respiratory illness hospitalizations	10.91
dc3c7b8c5375fca9c88fc68cecd07d083ea20e88	2025-12-18T12:41:48-05:00	2025-12-13	Respiratory illness visits	20.46
dc3c7b8c5375fca9c88fc68cecd07d083ea20e88	2025-12-18T12:41:48-05:00	2025-12-13	Respiratory illness hospitalizations	11.82
6d124b4f7feeccc9dcc797fdc3a704d98da434b8	2025-12-26T08:42:53-05:00	2025-10-04	Respiratory illness visits	7.99
6d124b4f7feeccc9dcc797fdc3a704d98da434b8	2025-12-26T08:42:53-05:00	2025-10-04	Respiratory illness hospitalizations	7.33
6d124b4f7feeccc9dcc797fdc3a704d98da434b8	2025-12-26T08:42:53-05:00	2025-10-11	Respiratory illness visits	7.7
6d124b4f7feeccc9dcc797fdc3a704d98da434b8	2025-12-26T08:42:53-05:00	2025-10-11	Respiratory illness hospitalizations	7.76
6d124b4f7feeccc9dcc797fdc3a704d98da434b8	2025-12-26T08:42:53-05:00	2025-10-18	Respiratory illness visits	7.93
6d124b4f7feeccc9dcc797fdc3a704d98da434b8	2025-12-26T08:42:53-05:00	2025-10-18	Respiratory illness hospitalizations	7.78
6d124b4f7feeccc9dcc797fdc3a704d98da434b8	2025-12-26T08:42:53-05:00	2025-10-25	Respiratory illness visits	8.23
6d124b4f7feeccc9dcc797fdc3a704d98da434b8	2025-12-26T08:42:53-05:00	2025-10-25	Respiratory illness hospitalizations	7.51
6d124b4f7feeccc9dcc797fdc3a704d98da434b8	2025-12-26T08:42:53-05:00	2025-11-01	Respiratory illness visits	8.48
6d124b4f7feeccc9dcc797fdc3a704d98da434b8	2025-12-26T08:42:53-05:00	2025-11-01	Respiratory illness hospitalizations	7.72
6d124b4f7feeccc9dcc797fdc3a704d98da434b8	2025-12-26T08:42:53-05:00	2025-11-08	Respiratory illness visits	9.4
6d124b4f7feeccc9dcc797fdc3a704d98da434b8	2025-12-26T08:42:53-05:00	2025-11-08	Respiratory illness hospitalizations	8.13
6d124b4f7feeccc9dcc797fdc3a704d98da434b8	2025-12-26T08:42:53-05:00	2025-11-15	Respiratory illness visits	9.61
6d124b4f7feeccc9dcc797fdc3a704d98da434b8	2025-12-26T08:42:53-05:00	2025-11-15	Respiratory illness hospitalizations	8.5
6d124b4f7feeccc9dcc797fdc3a704d98da434b8	2025-12-26T08:42:53-05:00	2025-11-22	Respiratory illness visits	11.43
6d124b4f7feeccc9dcc797fdc3a704d98da434b8	2025-12-26T08:42:53-05:00	2025-11-22	Respiratory illness hospitalizations	8.67
6d124b4f7feeccc9dcc797fdc3a704d98da434b8	2025-12-26T08:42:53-05:00	2025-11-29	Respiratory illness visits	14.91
6d124b4f7feeccc9dcc797fdc3a704d98da434b8	2025-12-26T08:42:53-05:00	2025-11-29	Respiratory illness hospitalizations	10.14
6d124b4f7feeccc9dcc797fdc3a704d98da434b8	2025-12-26T08:42:53-05:00	2025-12-06	Respiratory illness visits	16.46
6d124b4f7feeccc9dcc797fdc3a704d98da434b8	2025-12-26T08:42:53-05:00	2025-12-06	Respiratory illness hospitalizations	10.98
6d124b4f7feeccc9dcc797fdc3a704d98da434b8	2025-12-26T08:42:53-05:00	2025-12-13	Respiratory illness visits	20.61
6d124b4f7feeccc9dcc797fdc3a704d98da434b8	2025-12-26T08:42:53-05:00	2025-12-13	Respiratory illness hospitalizations	12.05
6d124b4f7feeccc9dcc797fdc3a704d98da434b8	2025-12-26T08:42:53-05:00	2025-12-20	Respiratory illness visits	23.52
6d124b4f7feeccc9dcc797fdc3a704d98da434b8	2025-12-26T08:42:53-05:00	2025-12-20	Respiratory illness hospitalizations	14.49
c5cf1b4b18d0e00874c09b2ad0125acfb568bf8c	2026-01-02T09:46:53-05:00	2025-10-11	Respiratory illness visits	7.7
c5cf1b4b18d0e00874c09b2ad0125acfb568bf8c	2026-01-02T09:46:53-05:00	2025-10-11	Respiratory illness hospitalizations	7.76
c5cf1b4b18d0e00874c09b2ad0125acfb568bf8c	2026-01-02T09:46:53-05:00	2025-10-18	Respiratory illness visits	7.93
c5cf1b4b18d0e00874c09b2ad0125acfb568bf8c	2026-01-02T09:46:53-05:00	2025-10-18	Respiratory illness hospitalizations	7.78
c5cf1b4b18d0e00874c09b2ad0125acfb568bf8c	2026-01-02T09:46:53-05:00	2025-10-25	Respiratory illness visits	8.23
c5cf1b4b18d0e00874c09b2ad0125acfb568bf8c	2026-01-02T09:46:53-05:00	2025-10-25	Respiratory illness hospitalizations	7.51
c5cf1b4b18d0e00874c09b2ad0125acfb568bf8c	2026-01-02T09:46:53-05:00	2025-11-01	Respiratory illness visits	8.48
c5cf1b4b18d0e00874c09b2ad0125acfb568bf8c	2026-01-02T09:46:53-05:00	2025-11-01	Respiratory illness hospitalizations	7.72
c5cf1b4b18d0e00874c09b2ad0125acfb568bf8c	2026-01-02T09:46:53-05:00	2025-11-08	Respiratory illness visits	9.4
c5cf1b4b18d0e00874c09b2ad0125acfb568bf8c	2026-01-02T09:46:53-05:00	2025-11-08	Respiratory illness hospitalizations	8.13
c5cf1b4b18d0e00874c09b2ad0125acfb568bf8c	2026-01-02T09:46:53-05:00	2025-11-15	Respiratory illness visits	9.61
c5cf1b4b18d0e00874c09b2ad0125acfb568bf8c	2026-01-02T09:46:53-05:00	2025-11-15	Respiratory illness hospitalizations	8.5
c5cf1b4b18d0e00874c09b2ad0125acfb568bf8c	2026-01-02T09:46:53-05:00	2025-11-22	Respiratory illness visits	11.43
c5cf1b4b18d0e00874c09b2ad0125acfb568bf8c	2026-01-02T09:46:53-05:00	2025-11-22	Respiratory illness hospitalizations	8.67
c5cf1b4b18d0e00874c09b2ad0125acfb568bf8c	2026-01-02T09:46:53-05:00	2025-11-29	Respiratory illness visits	14.91
c5cf1b4b18d0e00874c09b2ad0125acfb568bf8c	2026-01-02T09:46:53-05:00	2025-11-29	Respiratory illness hospitalizations	10.14
c5cf1b4b18d0e00874c09b2ad0125acfb568bf8c	2026-01-02T09:46:53-05:00	2025-12-06	Respiratory illness visits	16.46
c5cf1b4b18d0e00874c09b2ad0125acfb568bf8c	2026-01-02T09:46:53-05:00	2025-12-06	Respiratory illness hospitalizations	10.98
c5cf1b4b18d0e00874c09b2ad0125acfb568bf8c	2026-01-02T09:46:53-05:00	2025-12-13	Respiratory illness visits	20.62
c5cf1b4b18d0e00874c09b2ad0125acfb568bf8c	2026-01-02T09:46:53-05:00	2025-12-13	Respiratory illness hospitalizations	11.96
c5cf1b4b18d0e00874c09b2ad0125acfb568bf8c	2026-01-02T09:46:53-05:00	2025-12-20	Respiratory illness visits	23.75
c5cf1b4b18d0e00874c09b2ad0125acfb568bf8c	2026-01-02T09:46:53-05:00	2025-12-20	Respiratory illness hospitalizations	14.64
c5cf1b4b18d0e00874c09b2ad0125acfb568bf8c	2026-01-02T09:46:53-05:00	2025-12-27	Respiratory illness visits	22.22
c5cf1b4b18d0e00874c09b2ad0125acfb568bf8c	2026-01-02T09:46:53-05:00	2025-12-27	Respiratory illness hospitalizations	14.66
58f3c8dcaf0fd844abe65f377634a7759344de95	2026-01-08T15:10:04-05:00	2025-10-18	Respiratory illness visits	7.93
58f3c8dcaf0fd844abe65f377634a7759344de95	2026-01-08T15:10:04-05:00	2025-10-18	Respiratory illness hospitalizations	7.78
58f3c8dcaf0fd844abe65f377634a7759344de95	2026-01-08T15:10:04-05:00	2025-10-25	Respiratory illness visits	8.23
58f3c8dcaf0fd844abe65f377634a7759344de95	2026-01-08T15:10:04-05:00	2025-10-25	Respiratory illness hospitalizations	7.51
58f3c8dcaf0fd844abe65f377634a7759344de95	2026-01-08T15:10:04-05:00	2025-11-01	Respiratory illness visits	8.48
58f3c8dcaf0fd844abe65f377634a7759344de95	2026-01-08T15:10:04-05:00	2025-11-01	Respiratory illness hospitalizations	7.72
58f3c8dcaf0fd844abe65f377634a7759344de95	2026-01-08T15:10:04-05:00	2025-11-08	Respiratory illness visits	9.4
58f3c8dcaf0fd844abe65f377634a7759344de95	2026-01-08T15:10:04-05:00	2025-11-08	Respiratory illness hospitalizations	8.13
58f3c8dcaf0fd844abe65f377634a7759344de95	2026-01-08T15:10:04-05:00	2025-11-15	Respiratory illness visits	9.61
58f3c8dcaf0fd844abe65f377634a7759344de95	2026-01-08T15:10:04-05:00	2025-11-15	Respiratory illness hospitalizations	8.5
58f3c8dcaf0fd844abe65f377634a7759344de95	2026-01-08T15:10:04-05:00	2025-11-22	Respiratory illness visits	11.43
58f3c8dcaf0fd844abe65f377634a7759344de95	2026-01-08T15:10:04-05:00	2025-11-22	Respiratory illness hospitalizations	8.67
58f3c8dcaf0fd844abe65f377634a7759344de95	2026-01-08T15:10:04-05:00	2025-11-29	Respiratory illness visits	14.91
58f3c8dcaf0fd844abe65f377634a7759344de95	2026-01-08T15:10:04-05:00	2025-11-29	Respiratory illness hospitalizations	10.14
58f3c8dcaf0fd844abe65f377634a7759344de95	2026-01-08T15:10:04-05:00	2025-12-06	Respiratory illness visits	16.46
58f3c8dcaf0fd844abe65f377634a7759344de95	2026-01-08T15:10:04-05:00	2025-12-06	Respiratory illness hospitalizations	10.98
58f3c8dcaf0fd844abe65f377634a7759344de95	2026-01-08T15:10:04-05:00	2025-12-13	Respiratory illness visits	20.62
58f3c8dcaf0fd844abe65f377634a7759344de95	2026-01-08T15:10:04-05:00	2025-12-13	Respiratory illness hospitalizations	11.96
58f3c8dcaf0fd844abe65f377634a7759344de95	2026-01-08T15:10:04-05:00	2025-12-20	Respiratory illness visits	23.75
58f3c8dcaf0fd844abe65f377634a7759344de95	2026-01-08T15:10:04-05:00	2025-12-20	Respiratory illness hospitalizations	14.6
58f3c8dcaf0fd844abe65f377634a7759344de95	2026-01-08T15:10:04-05:00	2025-12-27	Respiratory illness visits	22.41
58f3c8dcaf0fd844abe65f377634a7759344de95	2026-01-08T15:10:04-05:00	2025-12-27	Respiratory illness hospitalizations	14.74
58f3c8dcaf0fd844abe65f377634a7759344de95	2026-01-08T15:10:04-05:00	2026-01-03	Respiratory illness visits	17.22
58f3c8dcaf0fd844abe65f377634a7759344de95	2026-01-08T15:10:04-05:00	2026-01-03	Respiratory illness hospitalizations	13.76
5626bdaaf41c08939ffd53f898b1685fb113cf34	2026-01-15T14:03:17-05:00	2025-10-25	Respiratory illness visits	8.23
5626bdaaf41c08939ffd53f898b1685fb113cf34	2026-01-15T14:03:17-05:00	2025-10-25	Respiratory illness hospitalizations	7.51
5626bdaaf41c08939ffd53f898b1685fb113cf34	2026-01-15T14:03:17-05:00	2025-11-01	Respiratory illness visits	8.48
5626bdaaf41c08939ffd53f898b1685fb113cf34	2026-01-15T14:03:17-05:00	2025-11-01	Respiratory illness hospitalizations	7.72
5626bdaaf41c08939ffd53f898b1685fb113cf34	2026-01-15T14:03:17-05:00	2025-11-08	Respiratory illness visits	9.4
5626bdaaf41c08939ffd53f898b1685fb113cf34	2026-01-15T14:03:17-05:00	2025-11-08	Respiratory illness hospitalizations	8.13
5626bdaaf41c08939ffd53f898b1685fb113cf34	2026-01-15T14:03:17-05:00	2025-11-15	Respiratory illness visits	9.61
5626bdaaf41c08939ffd53f898b1685fb113cf34	2026-01-15T14:03:17-05:00	2025-11-15	Respiratory illness hospitalizations	8.5
5626bdaaf41c08939ffd53f898b1685fb113cf34	2026-01-15T14:03:17-05:00	2025-11-22	Respiratory illness visits	11.43
5626bdaaf41c08939ffd53f898b1685fb113cf34	2026-01-15T14:03:17-05:00	2025-11-22	Respiratory illness hospitalizations	8.67
5626bdaaf41c08939ffd53f898b1685fb113cf34	2026-01-15T14:03:17-05:00	2025-11-29	Respiratory illness visits	14.91
5626bdaaf41c08939ffd53f898b1685fb113cf34	2026-01-15T14:03:17-05:00	2025-11-29	Respiratory illness hospitalizations	10.14
5626bdaaf41c08939ffd53f898b1685fb113cf34	2026-01-15T14:03:17-05:00	2025-12-06	Respiratory illness visits	16.46
5626bdaaf41c08939ffd53f898b1685fb113cf34	2026-01-15T14:03:17-05:00	2025-12-06	Respiratory illness hospitalizations	10.98
5626bdaaf41c08939ffd53f898b1685fb113cf34	2026-01-15T14:03:17-05:00	2025-12-13	Respiratory illness visits	20.62
5626bdaaf41c08939ffd53f898b1685fb113cf34	2026-01-15T14:03:17-05:00	2025-12-13	Respiratory illness hospitalizations	11.96
5626bdaaf41c08939ffd53f898b1685fb113cf34	2026-01-15T14:03:17-05:00	2025-12-20	Respiratory illness visits	23.75
5626bdaaf41c08939ffd53f898b1685fb113cf34	2026-01-15T14:03:17-05:00	2025-12-20	Respiratory illness hospitalizations	14.6
5626bdaaf41c08939ffd53f898b1685fb113cf34	2026-01-15T14:03:17-05:00	2025-12-27	Respiratory illness visits	22.42
5626bdaaf41c08939ffd53f898b1685fb113cf34	2026-01-15T14:03:17-05:00	2025-12-27	Respiratory illness hospitalizations	14.76
5626bdaaf41c08939ffd53f898b1685fb113cf34	2026-01-15T14:03:17-05:00	2026-01-03	Respiratory illness visits	17.4
5626bdaaf41c08939ffd53f898b1685fb113cf34	2026-01-15T14:03:17-05:00	2026-01-03	Respiratory illness hospitalizations	14.12
5626bdaaf41c08939ffd53f898b1685fb113cf34	2026-01-15T14:03:17-05:00	2026-01-10	Respiratory illness visits	13.07
5626bdaaf41c08939ffd53f898b1685fb113cf34	2026-01-15T14:03:17-05:00	2026-01-10	Respiratory illness hospitalizations	11.83
5f3373aca6b59e7547f6ee526b0a0e9439dfe7fc	2026-01-22T14:05:08-05:00	2025-11-01	Respiratory illness visits	8.48
5f3373aca6b59e7547f6ee526b0a0e9439dfe7fc	2026-01-22T14:05:08-05:00	2025-11-01	Respiratory illness hospitalizations	7.72
5f3373aca6b59e7547f6ee526b0a0e9439dfe7fc	2026-01-22T14:05:08-05:00	2025-11-08	Respiratory illness visits	9.4
5f3373aca6b59e7547f6ee526b0a0e9439dfe7fc	2026-01-22T14:05:08-05:00	2025-11-08	Respiratory illness hospitalizations	8.13
5f3373aca6b59e7547f6ee526b0a0e9439dfe7fc	2026-01-22T14:05:08-05:00	2025-11-15	Respiratory illness visits	9.61
5f3373aca6b59e7547f6ee526b0a0e9439dfe7fc	2026-01-22T14:05:08-05:00	2025-11-15	Respiratory illness hospitalizations	8.5
5f3373aca6b59e7547f6ee526b0a0e9439dfe7fc	2026-01-22T14:05:08-05:00	2025-11-22	Respiratory illness visits	11.43
5f3373aca6b59e7547f6ee526b0a0e9439dfe7fc	2026-01-22T14:05:08-05:00	2025-11-22	Respiratory illness hospitalizations	8.67
5f3373aca6b59e7547f6ee526b0a0e9439dfe7fc	2026-01-22T14:05:08-05:00	2025-11-29	Respiratory illness visits	14.91
5f3373aca6b59e7547f6ee526b0a0e9439dfe7fc	2026-01-22T14:05:08-05:00	2025-11-29	Respiratory illness hospitalizations	10.14
5f3373aca6b59e7547f6ee526b0a0e9439dfe7fc	2026-01-22T14:05:08-05:00	2025-12-06	Respiratory illness visits	16.46
5f3373aca6b59e7547f6ee526b0a0e9439dfe7fc	2026-01-22T14:05:08-05:00	2025-12-06	Respiratory illness hospitalizations	10.98
5f3373aca6b59e7547f6ee526b0a0e9439dfe7fc	2026-01-22T14:05:08-05:00	2025-12-13	Respiratory illness visits	20.62
5f3373aca6b59e7547f6ee526b0a0e9439dfe7fc	2026-01-22T14:05:08-05:00	2025-12-13	Respiratory illness hospitalizations	11.96
5f3373aca6b59e7547f6ee526b0a0e9439dfe7fc	2026-01-22T14:05:08-05:00	2025-12-20	Respiratory illness visits	23.75
5f3373aca6b59e7547f6ee526b0a0e9439dfe7fc	2026-01-22T14:05:08-05:00	2025-12-20	Respiratory illness hospitalizations	14.6
5f3373aca6b59e7547f6ee526b0a0e9439dfe7fc	2026-01-22T14:05:08-05:00	2025-12-27	Respiratory illness visits	22.42
5f3373aca6b59e7547f6ee526b0a0e9439dfe7fc	2026-01-22T14:05:08-05:00	2025-12-27	Respiratory illness hospitalizations	14.76
5f3373aca6b59e7547f6ee526b0a0e9439dfe7fc	2026-01-22T14:05:08-05:00	2026-01-03	Respiratory illness visits	17.41
5f3373aca6b59e7547f6ee526b0a0e9439dfe7fc	2026-01-22T14:05:08-05:00	2026-01-03	Respiratory illness hospitalizations	14.14
5f3373aca6b59e7547f6ee526b0a0e9439dfe7fc	2026-01-22T14:05:08-05:00	2026-01-10	Respiratory illness visits	13.15
5f3373aca6b59e7547f6ee526b0a0e9439dfe7fc	2026-01-22T14:05:08-05:00	2026-01-10	Respiratory illness hospitalizations	12.05
5f3373aca6b59e7547f6ee526b0a0e9439dfe7fc	2026-01-22T14:05:08-05:00	2026-01-17	Respiratory illness visits	10.46
5f3373aca6b59e7547f6ee526b0a0e9439dfe7fc	2026-01-22T14:05:08-05:00	2026-01-17	Respiratory illness hospitalizations	9.65
eec634657d39ca82a61477bb0781c8612d3ca2af	2026-01-29T13:54:59-05:00	2025-11-08	Respiratory illness visits	9.4
eec634657d39ca82a61477bb0781c8612d3ca2af	2026-01-29T13:54:59-05:00	2025-11-08	Respiratory illness hospitalizations	8.13
eec634657d39ca82a61477bb0781c8612d3ca2af	2026-01-29T13:54:59-05:00	2025-11-15	Respiratory illness visits	9.61
eec634657d39ca82a61477bb0781c8612d3ca2af	2026-01-29T13:54:59-05:00	2025-11-15	Respiratory illness hospitalizations	8.5
eec634657d39ca82a61477bb0781c8612d3ca2af	2026-01-29T13:54:59-05:00	2025-11-22	Respiratory illness visits	11.43
eec634657d39ca82a61477bb0781c8612d3ca2af	2026-01-29T13:54:59-05:00	2025-11-22	Respiratory illness hospitalizations	8.67
eec634657d39ca82a61477bb0781c8612d3ca2af	2026-01-29T13:54:59-05:00	2025-11-29	Respiratory illness visits	14.91
eec634657d39ca82a61477bb0781c8612d3ca2af	2026-01-29T13:54:59-05:00	2025-11-29	Respiratory illness hospitalizations	10.14
eec634657d39ca82a61477bb0781c8612d3ca2af	2026-01-29T13:54:59-05:00	2025-12-06	Respiratory illness visits	16.46
eec634657d39ca82a61477bb0781c8612d3ca2af	2026-01-29T13:54:59-05:00	2025-12-06	Respiratory illness hospitalizations	10.98
eec634657d39ca82a61477bb0781c8612d3ca2af	2026-01-29T13:54:59-05:00	2025-12-13	Respiratory illness visits	20.62
eec634657d39ca82a61477bb0781c8612d3ca2af	2026-01-29T13:54:59-05:00	2025-12-13	Respiratory illness hospitalizations	11.96
eec634657d39ca82a61477bb0781c8612d3ca2af	2026-01-29T13:54:59-05:00	2025-12-20	Respiratory illness visits	23.75
eec634657d39ca82a61477bb0781c8612d3ca2af	2026-01-29T13:54:59-05:00	2025-12-20	Respiratory illness hospitalizations	14.6
eec634657d39ca82a61477bb0781c8612d3ca2af	2026-01-29T13:54:59-05:00	2025-12-27	Respiratory illness visits	22.42
eec634657d39ca82a61477bb0781c8612d3ca2af	2026-01-29T13:54:59-05:00	2025-12-27	Respiratory illness hospitalizations	14.76
eec634657d39ca82a61477bb0781c8612d3ca2af	2026-01-29T13:54:59-05:00	2026-01-03	Respiratory illness visits	17.36
eec634657d39ca82a61477bb0781c8612d3ca2af	2026-01-29T13:54:59-05:00	2026-01-03	Respiratory illness hospitalizations	14.14
eec634657d39ca82a61477bb0781c8612d3ca2af	2026-01-29T13:54:59-05:00	2026-01-10	Respiratory illness visits	13.15
eec634657d39ca82a61477bb0781c8612d3ca2af	2026-01-29T13:54:59-05:00	2026-01-10	Respiratory illness hospitalizations	12.03
eec634657d39ca82a61477bb0781c8612d3ca2af	2026-01-29T13:54:59-05:00	2026-01-17	Respiratory illness visits	10.6
eec634657d39ca82a61477bb0781c8612d3ca2af	2026-01-29T13:54:59-05:00	2026-01-17	Respiratory illness hospitalizations	9.92
eec634657d39ca82a61477bb0781c8612d3ca2af	2026-01-29T13:54:59-05:00	2026-01-24	Respiratory illness visits	9.79
eec634657d39ca82a61477bb0781c8612d3ca2af	2026-01-29T13:54:59-05:00	2026-01-24	Respiratory illness hospitalizations	9.47
5365be06c9cef1504a42397c23dd6f75ec39de5e	2026-02-05T14:02:46-05:00	2025-11-15	Respiratory illness visits	9.61
5365be06c9cef1504a42397c23dd6f75ec39de5e	2026-02-05T14:02:46-05:00	2025-11-15	Respiratory illness hospitalizations	8.5
5365be06c9cef1504a42397c23dd6f75ec39de5e	2026-02-05T14:02:46-05:00	2025-11-22	Respiratory illness visits	11.43
5365be06c9cef1504a42397c23dd6f75ec39de5e	2026-02-05T14:02:46-05:00	2025-11-22	Respiratory illness hospitalizations	8.67
5365be06c9cef1504a42397c23dd6f75ec39de5e	2026-02-05T14:02:46-05:00	2025-11-29	Respiratory illness visits	14.91
5365be06c9cef1504a42397c23dd6f75ec39de5e	2026-02-05T14:02:46-05:00	2025-11-29	Respiratory illness hospitalizations	10.14
5365be06c9cef1504a42397c23dd6f75ec39de5e	2026-02-05T14:02:46-05:00	2025-12-06	Respiratory illness visits	16.44
5365be06c9cef1504a42397c23dd6f75ec39de5e	2026-02-05T14:02:46-05:00	2025-12-06	Respiratory illness hospitalizations	10.98
5365be06c9cef1504a42397c23dd6f75ec39de5e	2026-02-05T14:02:46-05:00	2025-12-13	Respiratory illness visits	20.58
5365be06c9cef1504a42397c23dd6f75ec39de5e	2026-02-05T14:02:46-05:00	2025-12-13	Respiratory illness hospitalizations	11.96
5365be06c9cef1504a42397c23dd6f75ec39de5e	2026-02-05T14:02:46-05:00	2025-12-20	Respiratory illness visits	23.7
5365be06c9cef1504a42397c23dd6f75ec39de5e	2026-02-05T14:02:46-05:00	2025-12-20	Respiratory illness hospitalizations	14.6
5365be06c9cef1504a42397c23dd6f75ec39de5e	2026-02-05T14:02:46-05:00	2025-12-27	Respiratory illness visits	22.37
5365be06c9cef1504a42397c23dd6f75ec39de5e	2026-02-05T14:02:46-05:00	2025-12-27	Respiratory illness hospitalizations	14.76
5365be06c9cef1504a42397c23dd6f75ec39de5e	2026-02-05T14:02:46-05:00	2026-01-03	Respiratory illness visits	17.32
5365be06c9cef1504a42397c23dd6f75ec39de5e	2026-02-05T14:02:46-05:00	2026-01-03	Respiratory illness hospitalizations	14.14
5365be06c9cef1504a42397c23dd6f75ec39de5e	2026-02-05T14:02:46-05:00	2026-01-10	Respiratory illness visits	13.15
5365be06c9cef1504a42397c23dd6f75ec39de5e	2026-02-05T14:02:46-05:00	2026-01-10	Respiratory illness hospitalizations	12.03
5365be06c9cef1504a42397c23dd6f75ec39de5e	2026-02-05T14:02:46-05:00	2026-01-17	Respiratory illness visits	10.6
5365be06c9cef1504a42397c23dd6f75ec39de5e	2026-02-05T14:02:46-05:00	2026-01-17	Respiratory illness hospitalizations	9.93
5365be06c9cef1504a42397c23dd6f75ec39de5e	2026-02-05T14:02:46-05:00	2026-01-24	Respiratory illness visits	9.89
5365be06c9cef1504a42397c23dd6f75ec39de5e	2026-02-05T14:02:46-05:00	2026-01-24	Respiratory illness hospitalizations	9.62
5365be06c9cef1504a42397c23dd6f75ec39de5e	2026-02-05T14:02:46-05:00	2026-01-31	Respiratory illness visits	9.31
5365be06c9cef1504a42397c23dd6f75ec39de5e	2026-02-05T14:02:46-05:00	2026-01-31	Respiratory illness hospitalizations	9.32
6964560d8bf71c069c71fac2b3561d45b5611882	2026-02-12T11:00:47-05:00	2025-11-22	Respiratory illness visits	11.43
6964560d8bf71c069c71fac2b3561d45b5611882	2026-02-12T11:00:47-05:00	2025-11-22	Respiratory illness hospitalizations	8.67
6964560d8bf71c069c71fac2b3561d45b5611882	2026-02-12T11:00:47-05:00	2025-11-29	Respiratory illness visits	14.91
6964560d8bf71c069c71fac2b3561d45b5611882	2026-02-12T11:00:47-05:00	2025-11-29	Respiratory illness hospitalizations	10.14
6964560d8bf71c069c71fac2b3561d45b5611882	2026-02-12T11:00:47-05:00	2025-12-06	Respiratory illness visits	16.44
6964560d8bf71c069c71fac2b3561d45b5611882	2026-02-12T11:00:47-05:00	2025-12-06	Respiratory illness hospitalizations	10.98
6964560d8bf71c069c71fac2b3561d45b5611882	2026-02-12T11:00:47-05:00	2025-12-13	Respiratory illness visits	20.58
6964560d8bf71c069c71fac2b3561d45b5611882	2026-02-12T11:00:47-05:00	2025-12-13	Respiratory illness hospitalizations	11.96
6964560d8bf71c069c71fac2b3561d45b5611882	2026-02-12T11:00:47-05:00	2025-12-20	Respiratory illness visits	23.7
6964560d8bf71c069c71fac2b3561d45b5611882	2026-02-12T11:00:47-05:00	2025-12-20	Respiratory illness hospitalizations	14.6
6964560d8bf71c069c71fac2b3561d45b5611882	2026-02-12T11:00:47-05:00	2025-12-27	Respiratory illness visits	22.37
6964560d8bf71c069c71fac2b3561d45b5611882	2026-02-12T11:00:47-05:00	2025-12-27	Respiratory illness hospitalizations	14.76
6964560d8bf71c069c71fac2b3561d45b5611882	2026-02-12T11:00:47-05:00	2026-01-03	Respiratory illness visits	17.32
6964560d8bf71c069c71fac2b3561d45b5611882	2026-02-12T11:00:47-05:00	2026-01-03	Respiratory illness hospitalizations	14.14
6964560d8bf71c069c71fac2b3561d45b5611882	2026-02-12T11:00:47-05:00	2026-01-10	Respiratory illness visits	13.15
6964560d8bf71c069c71fac2b3561d45b5611882	2026-02-12T11:00:47-05:00	2026-01-10	Respiratory illness hospitalizations	12.03
6964560d8bf71c069c71fac2b3561d45b5611882	2026-02-12T11:00:47-05:00	2026-01-17	Respiratory illness visits	10.6
6964560d8bf71c069c71fac2b3561d45b5611882	2026-02-12T11:00:47-05:00	2026-01-17	Respiratory illness hospitalizations	9.93
6964560d8bf71c069c71fac2b3561d45b5611882	2026-02-12T11:00:47-05:00	2026-01-24	Respiratory illness visits	9.9
6964560d8bf71c069c71fac2b3561d45b5611882	2026-02-12T11:00:47-05:00	2026-01-24	Respiratory illness hospitalizations	9.66
6964560d8bf71c069c71fac2b3561d45b5611882	2026-02-12T11:00:47-05:00	2026-01-31	Respiratory illness visits	9.4
6964560d8bf71c069c71fac2b3561d45b5611882	2026-02-12T11:00:47-05:00	2026-01-31	Respiratory illness hospitalizations	9.55
6964560d8bf71c069c71fac2b3561d45b5611882	2026-02-12T11:00:47-05:00	2026-02-07	Respiratory illness visits	9.2
6964560d8bf71c069c71fac2b3561d45b5611882	2026-02-12T11:00:47-05:00	2026-02-07	Respiratory illness hospitalizations	8.62
d6d58680f4c1958de6d3232e589f21d040005715	2026-02-19T14:00:51-05:00	2025-11-29	Respiratory illness visits	14.91
d6d58680f4c1958de6d3232e589f21d040005715	2026-02-19T14:00:51-05:00	2025-11-29	Respiratory illness hospitalizations	10.14
d6d58680f4c1958de6d3232e589f21d040005715	2026-02-19T14:00:51-05:00	2025-12-06	Respiratory illness visits	16.44
d6d58680f4c1958de6d3232e589f21d040005715	2026-02-19T14:00:51-05:00	2025-12-06	Respiratory illness hospitalizations	10.98
d6d58680f4c1958de6d3232e589f21d040005715	2026-02-19T14:00:51-05:00	2025-12-13	Respiratory illness visits	20.58
d6d58680f4c1958de6d3232e589f21d040005715	2026-02-19T14:00:51-05:00	2025-12-13	Respiratory illness hospitalizations	11.96
d6d58680f4c1958de6d3232e589f21d040005715	2026-02-19T14:00:51-05:00	2025-12-20	Respiratory illness visits	23.7
d6d58680f4c1958de6d3232e589f21d040005715	2026-02-19T14:00:51-05:00	2025-12-20	Respiratory illness hospitalizations	14.6
d6d58680f4c1958de6d3232e589f21d040005715	2026-02-19T14:00:51-05:00	2025-12-27	Respiratory illness visits	22.37
d6d58680f4c1958de6d3232e589f21d040005715	2026-02-19T14:00:51-05:00	2025-12-27	Respiratory illness hospitalizations	14.76
d6d58680f4c1958de6d3232e589f21d040005715	2026-02-19T14:00:51-05:00	2026-01-03	Respiratory illness visits	17.32
d6d58680f4c1958de6d3232e589f21d040005715	2026-02-19T14:00:51-05:00	2026-01-03	Respiratory illness hospitalizations	14.14
d6d58680f4c1958de6d3232e589f21d040005715	2026-02-19T14:00:51-05:00	2026-01-10	Respiratory illness visits	13.15
d6d58680f4c1958de6d3232e589f21d040005715	2026-02-19T14:00:51-05:00	2026-01-10	Respiratory illness hospitalizations	12.03
d6d58680f4c1958de6d3232e589f21d040005715	2026-02-19T14:00:51-05:00	2026-01-17	Respiratory illness visits	10.6
d6d58680f4c1958de6d3232e589f21d040005715	2026-02-19T14:00:51-05:00	2026-01-17	Respiratory illness hospitalizations	9.93
d6d58680f4c1958de6d3232e589f21d040005715	2026-02-19T14:00:51-05:00	2026-01-24	Respiratory illness visits	9.9
d6d58680f4c1958de6d3232e589f21d040005715	2026-02-19T14:00:51-05:00	2026-01-24	Respiratory illness hospitalizations	9.66
d6d58680f4c1958de6d3232e589f21d040005715	2026-02-19T14:00:51-05:00	2026-01-31	Respiratory illness visits	9.42
d6d58680f4c1958de6d3232e589f21d040005715	2026-02-19T14:00:51-05:00	2026-01-31	Respiratory illness hospitalizations	9.55
d6d58680f4c1958de6d3232e589f21d040005715	2026-02-19T14:00:51-05:00	2026-02-07	Respiratory illness visits	9.32
d6d58680f4c1958de6d3232e589f21d040005715	2026-02-19T14:00:51-05:00	2026-02-07	Respiratory illness hospitalizations	8.74
d6d58680f4c1958de6d3232e589f21d040005715	2026-02-19T14:00:51-05:00	2026-02-14	Respiratory illness visits	9.46
d6d58680f4c1958de6d3232e589f21d040005715	2026-02-19T14:00:51-05:00	2026-02-14	Respiratory illness hospitalizations	8.38
527aaf3a48735bceffd95c859b959a49f2cc1981	2026-02-26T14:10:59-05:00	2025-12-06	Respiratory illness visits	16.44
527aaf3a48735bceffd95c859b959a49f2cc1981	2026-02-26T14:10:59-05:00	2025-12-06	Respiratory illness hospitalizations	10.98
527aaf3a48735bceffd95c859b959a49f2cc1981	2026-02-26T14:10:59-05:00	2025-12-13	Respiratory illness visits	20.58
527aaf3a48735bceffd95c859b959a49f2cc1981	2026-02-26T14:10:59-05:00	2025-12-13	Respiratory illness hospitalizations	11.96
527aaf3a48735bceffd95c859b959a49f2cc1981	2026-02-26T14:10:59-05:00	2025-12-20	Respiratory illness visits	23.7
527aaf3a48735bceffd95c859b959a49f2cc1981	2026-02-26T14:10:59-05:00	2025-12-20	Respiratory illness hospitalizations	14.6
527aaf3a48735bceffd95c859b959a49f2cc1981	2026-02-26T14:10:59-05:00	2025-12-27	Respiratory illness visits	22.37
527aaf3a48735bceffd95c859b959a49f2cc1981	2026-02-26T14:10:59-05:00	2025-12-27	Respiratory illness hospitalizations	14.76
527aaf3a48735bceffd95c859b959a49f2cc1981	2026-02-26T14:10:59-05:00	2026-01-03	Respiratory illness visits	17.32
527aaf3a48735bceffd95c859b959a49f2cc1981	2026-02-26T14:10:59-05:00	2026-01-03	Respiratory illness hospitalizations	14.14
527aaf3a48735bceffd95c859b959a49f2cc1981	2026-02-26T14:10:59-05:00	2026-01-10	Respiratory illness visits	13.15
527aaf3a48735bceffd95c859b959a49f2cc1981	2026-02-26T14:10:59-05:00	2026-01-10	Respiratory illness hospitalizations	12.03
527aaf3a48735bceffd95c859b959a49f2cc1981	2026-02-26T14:10:59-05:00	2026-01-17	Respiratory illness visits	10.6
527aaf3a48735bceffd95c859b959a49f2cc1981	2026-02-26T14:10:59-05:00	2026-01-17	Respiratory illness hospitalizations	9.93
527aaf3a48735bceffd95c859b959a49f2cc1981	2026-02-26T14:10:59-05:00	2026-01-24	Respiratory illness visits	9.9
527aaf3a48735bceffd95c859b959a49f2cc1981	2026-02-26T14:10:59-05:00	2026-01-24	Respiratory illness hospitalizations	9.66
527aaf3a48735bceffd95c859b959a49f2cc1981	2026-02-26T14:10:59-05:00	2026-01-31	Respiratory illness visits	9.42
527aaf3a48735bceffd95c859b959a49f2cc1981	2026-02-26T14:10:59-05:00	2026-01-31	Respiratory illness hospitalizations	9.55
527aaf3a48735bceffd95c859b959a49f2cc1981	2026-02-26T14:10:59-05:00	2026-02-07	Respiratory illness visits	9.34
527aaf3a48735bceffd95c859b959a49f2cc1981	2026-02-26T14:10:59-05:00	2026-02-07	Respiratory illness hospitalizations	8.75
527aaf3a48735bceffd95c859b959a49f2cc1981	2026-02-26T14:10:59-05:00	2026-02-14	Respiratory illness visits	9.62
527aaf3a48735bceffd95c859b959a49f2cc1981	2026-02-26T14:10:59-05:00	2026-02-14	Respiratory illness hospitalizations	8.57
527aaf3a48735bceffd95c859b959a49f2cc1981	2026-02-26T14:10:59-05:00	2026-02-21	Respiratory illness visits	10.25
527aaf3a48735bceffd95c859b959a49f2cc1981	2026-02-26T14:10:59-05:00	2026-02-21	Respiratory illness hospitalizations	9.25
99cc0d65143673f4ed2c3f7d39b8aeb1cb136fc8	2026-03-05T14:01:18-05:00	2025-12-13	Respiratory illness visits	20.58
99cc0d65143673f4ed2c3f7d39b8aeb1cb136fc8	2026-03-05T14:01:18-05:00	2025-12-13	Respiratory illness hospitalizations	11.96
99cc0d65143673f4ed2c3f7d39b8aeb1cb136fc8	2026-03-05T14:01:18-05:00	2025-12-20	Respiratory illness visits	23.7
99cc0d65143673f4ed2c3f7d39b8aeb1cb136fc8	2026-03-05T14:01:18-05:00	2025-12-20	Respiratory illness hospitalizations	14.6
99cc0d65143673f4ed2c3f7d39b8aeb1cb136fc8	2026-03-05T14:01:18-05:00	2025-12-27	Respiratory illness visits	22.37
99cc0d65143673f4ed2c3f7d39b8aeb1cb136fc8	2026-03-05T14:01:18-05:00	2025-12-27	Respiratory illness hospitalizations	14.76
99cc0d65143673f4ed2c3f7d39b8aeb1cb136fc8	2026-03-05T14:01:18-05:00	2026-01-03	Respiratory illness visits	17.32
99cc0d65143673f4ed2c3f7d39b8aeb1cb136fc8	2026-03-05T14:01:18-05:00	2026-01-03	Respiratory illness hospitalizations	14.14
99cc0d65143673f4ed2c3f7d39b8aeb1cb136fc8	2026-03-05T14:01:18-05:00	2026-01-10	Respiratory illness visits	13.15
99cc0d65143673f4ed2c3f7d39b8aeb1cb136fc8	2026-03-05T14:01:18-05:00	2026-01-10	Respiratory illness hospitalizations	12.03
99cc0d65143673f4ed2c3f7d39b8aeb1cb136fc8	2026-03-05T14:01:18-05:00	2026-01-17	Respiratory illness visits	10.6
99cc0d65143673f4ed2c3f7d39b8aeb1cb136fc8	2026-03-05T14:01:18-05:00	2026-01-17	Respiratory illness hospitalizations	9.93
99cc0d65143673f4ed2c3f7d39b8aeb1cb136fc8	2026-03-05T14:01:18-05:00	2026-01-24	Respiratory illness visits	9.9
99cc0d65143673f4ed2c3f7d39b8aeb1cb136fc8	2026-03-05T14:01:18-05:00	2026-01-24	Respiratory illness hospitalizations	9.66
99cc0d65143673f4ed2c3f7d39b8aeb1cb136fc8	2026-03-05T14:01:18-05:00	2026-01-31	Respiratory illness visits	9.42
99cc0d65143673f4ed2c3f7d39b8aeb1cb136fc8	2026-03-05T14:01:18-05:00	2026-01-31	Respiratory illness hospitalizations	9.55
99cc0d65143673f4ed2c3f7d39b8aeb1cb136fc8	2026-03-05T14:01:18-05:00	2026-02-07	Respiratory illness visits	9.34
99cc0d65143673f4ed2c3f7d39b8aeb1cb136fc8	2026-03-05T14:01:18-05:00	2026-02-07	Respiratory illness hospitalizations	8.75
99cc0d65143673f4ed2c3f7d39b8aeb1cb136fc8	2026-03-05T14:01:18-05:00	2026-02-14	Respiratory illness visits	9.63
99cc0d65143673f4ed2c3f7d39b8aeb1cb136fc8	2026-03-05T14:01:18-05:00	2026-02-14	Respiratory illness hospitalizations	8.58
99cc0d65143673f4ed2c3f7d39b8aeb1cb136fc8	2026-03-05T14:01:18-05:00	2026-02-21	Respiratory illness visits	10.36
99cc0d65143673f4ed2c3f7d39b8aeb1cb136fc8	2026-03-05T14:01:18-05:00	2026-02-21	Respiratory illness hospitalizations	9.35
99cc0d65143673f4ed2c3f7d39b8aeb1cb136fc8	2026-03-05T14:01:18-05:00	2026-02-28	Respiratory illness visits	8.99
99cc0d65143673f4ed2c3f7d39b8aeb1cb136fc8	2026-03-05T14:01:18-05:00	2026-02-28	Respiratory illness hospitalizations	9.05
d223c2b2d6dcb5784c7bd33e0726f0a9f6b56874	2026-03-12T13:51:07-04:00	2025-12-20	Respiratory illness visits	23.7
d223c2b2d6dcb5784c7bd33e0726f0a9f6b56874	2026-03-12T13:51:07-04:00	2025-12-20	Respiratory illness hospitalizations	14.6
d223c2b2d6dcb5784c7bd33e0726f0a9f6b56874	2026-03-12T13:51:07-04:00	2025-12-27	Respiratory illness visits	22.37
d223c2b2d6dcb5784c7bd33e0726f0a9f6b56874	2026-03-12T13:51:07-04:00	2025-12-27	Respiratory illness hospitalizations	14.76
d223c2b2d6dcb5784c7bd33e0726f0a9f6b56874	2026-03-12T13:51:07-04:00	2026-01-03	Respiratory illness visits	17.32
d223c2b2d6dcb5784c7bd33e0726f0a9f6b56874	2026-03-12T13:51:07-04:00	2026-01-03	Respiratory illness hospitalizations	14.14
d223c2b2d6dcb5784c7bd33e0726f0a9f6b56874	2026-03-12T13:51:07-04:00	2026-01-10	Respiratory illness visits	13.15
d223c2b2d6dcb5784c7bd33e0726f0a9f6b56874	2026-03-12T13:51:07-04:00	2026-01-10	Respiratory illness hospitalizations	12.03
d223c2b2d6dcb5784c7bd33e0726f0a9f6b56874	2026-03-12T13:51:07-04:00	2026-01-17	Respiratory illness visits	10.6
d223c2b2d6dcb5784c7bd33e0726f0a9f6b56874	2026-03-12T13:51:07-04:00	2026-01-17	Respiratory illness hospitalizations	9.93
d223c2b2d6dcb5784c7bd33e0726f0a9f6b56874	2026-03-12T13:51:07-04:00	2026-01-24	Respiratory illness visits	9.9
d223c2b2d6dcb5784c7bd33e0726f0a9f6b56874	2026-03-12T13:51:07-04:00	2026-01-24	Respiratory illness hospitalizations	9.66
d223c2b2d6dcb5784c7bd33e0726f0a9f6b56874	2026-03-12T13:51:07-04:00	2026-01-31	Respiratory illness visits	9.42
d223c2b2d6dcb5784c7bd33e0726f0a9f6b56874	2026-03-12T13:51:07-04:00	2026-01-31	Respiratory illness hospitalizations	9.55
d223c2b2d6dcb5784c7bd33e0726f0a9f6b56874	2026-03-12T13:51:07-04:00	2026-02-07	Respiratory illness visits	9.34
d223c2b2d6dcb5784c7bd33e0726f0a9f6b56874	2026-03-12T13:51:07-04:00	2026-02-07	Respiratory illness hospitalizations	8.75
d223c2b2d6dcb5784c7bd33e0726f0a9f6b56874	2026-03-12T13:51:07-04:00	2026-02-14	Respiratory illness visits	9.63
d223c2b2d6dcb5784c7bd33e0726f0a9f6b56874	2026-03-12T13:51:07-04:00	2026-02-14	Respiratory illness hospitalizations	8.58
d223c2b2d6dcb5784c7bd33e0726f0a9f6b56874	2026-03-12T13:51:07-04:00	2026-02-21	Respiratory illness visits	10.29
d223c2b2d6dcb5784c7bd33e0726f0a9f6b56874	2026-03-12T13:51:07-04:00	2026-02-21	Respiratory illness hospitalizations	9.41
d223c2b2d6dcb5784c7bd33e0726f0a9f6b56874	2026-03-12T13:51:07-04:00	2026-02-28	Respiratory illness visits	8.98
d223c2b2d6dcb5784c7bd33e0726f0a9f6b56874	2026-03-12T13:51:07-04:00	2026-02-28	Respiratory illness hospitalizations	9.16
d223c2b2d6dcb5784c7bd33e0726f0a9f6b56874	2026-03-12T13:51:07-04:00	2026-03-07	Respiratory illness visits	8.84
d223c2b2d6dcb5784c7bd33e0726f0a9f6b56874	2026-03-12T13:51:07-04:00	2026-03-07	Respiratory illness hospitalizations	8.5
0d26d6eb87653858c262aef55957f677251daf00	2026-03-19T11:57:36-04:00	2025-12-27	Respiratory illness visits	22.37
0d26d6eb87653858c262aef55957f677251daf00	2026-03-19T11:57:36-04:00	2025-12-27	Respiratory illness hospitalizations	14.76
0d26d6eb87653858c262aef55957f677251daf00	2026-03-19T11:57:36-04:00	2026-01-03	Respiratory illness visits	17.32
0d26d6eb87653858c262aef55957f677251daf00	2026-03-19T11:57:36-04:00	2026-01-03	Respiratory illness hospitalizations	14.14
0d26d6eb87653858c262aef55957f677251daf00	2026-03-19T11:57:36-04:00	2026-01-10	Respiratory illness visits	13.15
0d26d6eb87653858c262aef55957f677251daf00	2026-03-19T11:57:36-04:00	2026-01-10	Respiratory illness hospitalizations	12.03
0d26d6eb87653858c262aef55957f677251daf00	2026-03-19T11:57:36-04:00	2026-01-17	Respiratory illness visits	10.6
0d26d6eb87653858c262aef55957f677251daf00	2026-03-19T11:57:36-04:00	2026-01-17	Respiratory illness hospitalizations	9.93
0d26d6eb87653858c262aef55957f677251daf00	2026-03-19T11:57:36-04:00	2026-01-24	Respiratory illness visits	9.9
0d26d6eb87653858c262aef55957f677251daf00	2026-03-19T11:57:36-04:00	2026-01-24	Respiratory illness hospitalizations	9.66
0d26d6eb87653858c262aef55957f677251daf00	2026-03-19T11:57:36-04:00	2026-01-31	Respiratory illness visits	9.42
0d26d6eb87653858c262aef55957f677251daf00	2026-03-19T11:57:36-04:00	2026-01-31	Respiratory illness hospitalizations	9.55
0d26d6eb87653858c262aef55957f677251daf00	2026-03-19T11:57:36-04:00	2026-02-07	Respiratory illness visits	9.34
0d26d6eb87653858c262aef55957f677251daf00	2026-03-19T11:57:36-04:00	2026-02-07	Respiratory illness hospitalizations	8.75
0d26d6eb87653858c262aef55957f677251daf00	2026-03-19T11:57:36-04:00	2026-02-14	Respiratory illness visits	9.63
0d26d6eb87653858c262aef55957f677251daf00	2026-03-19T11:57:36-04:00	2026-02-14	Respiratory illness hospitalizations	8.58
0d26d6eb87653858c262aef55957f677251daf00	2026-03-19T11:57:36-04:00	2026-02-21	Respiratory illness visits	10.29
0d26d6eb87653858c262aef55957f677251daf00	2026-03-19T11:57:36-04:00	2026-02-21	Respiratory illness hospitalizations	9.41
0d26d6eb87653858c262aef55957f677251daf00	2026-03-19T11:57:36-04:00	2026-02-28	Respiratory illness visits	8.99
0d26d6eb87653858c262aef55957f677251daf00	2026-03-19T11:57:36-04:00	2026-02-28	Respiratory illness hospitalizations	9.17
0d26d6eb87653858c262aef55957f677251daf00	2026-03-19T11:57:36-04:00	2026-03-07	Respiratory illness visits	8.93
0d26d6eb87653858c262aef55957f677251daf00	2026-03-19T11:57:36-04:00	2026-03-07	Respiratory illness hospitalizations	8.65
0d26d6eb87653858c262aef55957f677251daf00	2026-03-19T11:57:36-04:00	2026-03-14	Respiratory illness visits	9.27
0d26d6eb87653858c262aef55957f677251daf00	2026-03-19T11:57:36-04:00	2026-03-14	Respiratory illness hospitalizations	8.45
524b5edf1d2351ba5f22f6679dca51d33cf8e8a1	2026-03-26T14:02:56-04:00	2026-01-03	Respiratory illness visits	17.32
524b5edf1d2351ba5f22f6679dca51d33cf8e8a1	2026-03-26T14:02:56-04:00	2026-01-03	Respiratory illness hospitalizations	14.14
524b5edf1d2351ba5f22f6679dca51d33cf8e8a1	2026-03-26T14:02:56-04:00	2026-01-10	Respiratory illness visits	13.15
524b5edf1d2351ba5f22f6679dca51d33cf8e8a1	2026-03-26T14:02:56-04:00	2026-01-10	Respiratory illness hospitalizations	12.03
524b5edf1d2351ba5f22f6679dca51d33cf8e8a1	2026-03-26T14:02:56-04:00	2026-01-17	Respiratory illness visits	10.6
524b5edf1d2351ba5f22f6679dca51d33cf8e8a1	2026-03-26T14:02:56-04:00	2026-01-17	Respiratory illness hospitalizations	9.93
524b5edf1d2351ba5f22f6679dca51d33cf8e8a1	2026-03-26T14:02:56-04:00	2026-01-24	Respiratory illness visits	9.9
524b5edf1d2351ba5f22f6679dca51d33cf8e8a1	2026-03-26T14:02:56-04:00	2026-01-24	Respiratory illness hospitalizations	9.66
524b5edf1d2351ba5f22f6679dca51d33cf8e8a1	2026-03-26T14:02:56-04:00	2026-01-31	Respiratory illness visits	9.42
524b5edf1d2351ba5f22f6679dca51d33cf8e8a1	2026-03-26T14:02:56-04:00	2026-01-31	Respiratory illness hospitalizations	9.55
524b5edf1d2351ba5f22f6679dca51d33cf8e8a1	2026-03-26T14:02:56-04:00	2026-02-07	Respiratory illness visits	9.34
524b5edf1d2351ba5f22f6679dca51d33cf8e8a1	2026-03-26T14:02:56-04:00	2026-02-07	Respiratory illness hospitalizations	8.75
524b5edf1d2351ba5f22f6679dca51d33cf8e8a1	2026-03-26T14:02:56-04:00	2026-02-14	Respiratory illness visits	9.63
524b5edf1d2351ba5f22f6679dca51d33cf8e8a1	2026-03-26T14:02:56-04:00	2026-02-14	Respiratory illness hospitalizations	8.58
524b5edf1d2351ba5f22f6679dca51d33cf8e8a1	2026-03-26T14:02:56-04:00	2026-02-21	Respiratory illness visits	10.29
524b5edf1d2351ba5f22f6679dca51d33cf8e8a1	2026-03-26T14:02:56-04:00	2026-02-21	Respiratory illness hospitalizations	9.41
524b5edf1d2351ba5f22f6679dca51d33cf8e8a1	2026-03-26T14:02:56-04:00	2026-02-28	Respiratory illness visits	8.99
524b5edf1d2351ba5f22f6679dca51d33cf8e8a1	2026-03-26T14:02:56-04:00	2026-02-28	Respiratory illness hospitalizations	9.17
524b5edf1d2351ba5f22f6679dca51d33cf8e8a1	2026-03-26T14:02:56-04:00	2026-03-07	Respiratory illness visits	8.93
524b5edf1d2351ba5f22f6679dca51d33cf8e8a1	2026-03-26T14:02:56-04:00	2026-03-07	Respiratory illness hospitalizations	8.67
524b5edf1d2351ba5f22f6679dca51d33cf8e8a1	2026-03-26T14:02:56-04:00	2026-03-14	Respiratory illness visits	9.39
524b5edf1d2351ba5f22f6679dca51d33cf8e8a1	2026-03-26T14:02:56-04:00	2026-03-14	Respiratory illness hospitalizations	8.58
524b5edf1d2351ba5f22f6679dca51d33cf8e8a1	2026-03-26T14:02:56-04:00	2026-03-21	Respiratory illness visits	10.25
524b5edf1d2351ba5f22f6679dca51d33cf8e8a1	2026-03-26T14:02:56-04:00	2026-03-21	Respiratory illness hospitalizations	8.69
7100a58c29033afa3fdc7f10fd0a2dae42da9c24	2026-04-02T14:24:14-04:00	2026-01-10	Respiratory illness visits	13.15
7100a58c29033afa3fdc7f10fd0a2dae42da9c24	2026-04-02T14:24:14-04:00	2026-01-10	Respiratory illness hospitalizations	12.03
7100a58c29033afa3fdc7f10fd0a2dae42da9c24	2026-04-02T14:24:14-04:00	2026-01-17	Respiratory illness visits	10.6
7100a58c29033afa3fdc7f10fd0a2dae42da9c24	2026-04-02T14:24:14-04:00	2026-01-17	Respiratory illness hospitalizations	9.93
7100a58c29033afa3fdc7f10fd0a2dae42da9c24	2026-04-02T14:24:14-04:00	2026-01-24	Respiratory illness visits	9.9
7100a58c29033afa3fdc7f10fd0a2dae42da9c24	2026-04-02T14:24:14-04:00	2026-01-24	Respiratory illness hospitalizations	9.66
7100a58c29033afa3fdc7f10fd0a2dae42da9c24	2026-04-02T14:24:14-04:00	2026-01-31	Respiratory illness visits	9.42
7100a58c29033afa3fdc7f10fd0a2dae42da9c24	2026-04-02T14:24:14-04:00	2026-01-31	Respiratory illness hospitalizations	9.55
7100a58c29033afa3fdc7f10fd0a2dae42da9c24	2026-04-02T14:24:14-04:00	2026-02-07	Respiratory illness visits	9.34
7100a58c29033afa3fdc7f10fd0a2dae42da9c24	2026-04-02T14:24:14-04:00	2026-02-07	Respiratory illness hospitalizations	8.75
7100a58c29033afa3fdc7f10fd0a2dae42da9c24	2026-04-02T14:24:14-04:00	2026-02-14	Respiratory illness visits	9.63
7100a58c29033afa3fdc7f10fd0a2dae42da9c24	2026-04-02T14:24:14-04:00	2026-02-14	Respiratory illness hospitalizations	8.58
7100a58c29033afa3fdc7f10fd0a2dae42da9c24	2026-04-02T14:24:14-04:00	2026-02-21	Respiratory illness visits	10.29
7100a58c29033afa3fdc7f10fd0a2dae42da9c24	2026-04-02T14:24:14-04:00	2026-02-21	Respiratory illness hospitalizations	9.41
7100a58c29033afa3fdc7f10fd0a2dae42da9c24	2026-04-02T14:24:14-04:00	2026-02-28	Respiratory illness visits	8.99
7100a58c29033afa3fdc7f10fd0a2dae42da9c24	2026-04-02T14:24:14-04:00	2026-02-28	Respiratory illness hospitalizations	9.17
7100a58c29033afa3fdc7f10fd0a2dae42da9c24	2026-04-02T14:24:14-04:00	2026-03-07	Respiratory illness visits	8.93
7100a58c29033afa3fdc7f10fd0a2dae42da9c24	2026-04-02T14:24:14-04:00	2026-03-07	Respiratory illness hospitalizations	8.67
7100a58c29033afa3fdc7f10fd0a2dae42da9c24	2026-04-02T14:24:14-04:00	2026-03-14	Respiratory illness visits	9.4
7100a58c29033afa3fdc7f10fd0a2dae42da9c24	2026-04-02T14:24:14-04:00	2026-03-14	Respiratory illness hospitalizations	8.6
7100a58c29033afa3fdc7f10fd0a2dae42da9c24	2026-04-02T14:24:14-04:00	2026-03-21	Respiratory illness visits	10.36
7100a58c29033afa3fdc7f10fd0a2dae42da9c24	2026-04-02T14:24:14-04:00	2026-03-21	Respiratory illness hospitalizations	8.76
7100a58c29033afa3fdc7f10fd0a2dae42da9c24	2026-04-02T14:24:14-04:00	2026-03-28	Respiratory illness visits	10.59
7100a58c29033afa3fdc7f10fd0a2dae42da9c24	2026-04-02T14:24:14-04:00	2026-03-28	Respiratory illness hospitalizations	8.06
d2e1349b23c63fb105eaaa90c1db9aad0e466c81	2026-04-09T14:00:59-04:00	2026-01-17	Respiratory illness visits	10.6
d2e1349b23c63fb105eaaa90c1db9aad0e466c81	2026-04-09T14:00:59-04:00	2026-01-17	Respiratory illness hospitalizations	9.93
d2e1349b23c63fb105eaaa90c1db9aad0e466c81	2026-04-09T14:00:59-04:00	2026-01-24	Respiratory illness visits	9.9
d2e1349b23c63fb105eaaa90c1db9aad0e466c81	2026-04-09T14:00:59-04:00	2026-01-24	Respiratory illness hospitalizations	9.66
d2e1349b23c63fb105eaaa90c1db9aad0e466c81	2026-04-09T14:00:59-04:00	2026-01-31	Respiratory illness visits	9.42
d2e1349b23c63fb105eaaa90c1db9aad0e466c81	2026-04-09T14:00:59-04:00	2026-01-31	Respiratory illness hospitalizations	9.55
d2e1349b23c63fb105eaaa90c1db9aad0e466c81	2026-04-09T14:00:59-04:00	2026-02-07	Respiratory illness visits	9.34
d2e1349b23c63fb105eaaa90c1db9aad0e466c81	2026-04-09T14:00:59-04:00	2026-02-07	Respiratory illness hospitalizations	8.75
d2e1349b23c63fb105eaaa90c1db9aad0e466c81	2026-04-09T14:00:59-04:00	2026-02-14	Respiratory illness visits	9.63
d2e1349b23c63fb105eaaa90c1db9aad0e466c81	2026-04-09T14:00:59-04:00	2026-02-14	Respiratory illness hospitalizations	8.58
d2e1349b23c63fb105eaaa90c1db9aad0e466c81	2026-04-09T14:00:59-04:00	2026-02-21	Respiratory illness visits	10.29
d2e1349b23c63fb105eaaa90c1db9aad0e466c81	2026-04-09T14:00:59-04:00	2026-02-21	Respiratory illness hospitalizations	9.41
d2e1349b23c63fb105eaaa90c1db9aad0e466c81	2026-04-09T14:00:59-04:00	2026-02-28	Respiratory illness visits	8.99
d2e1349b23c63fb105eaaa90c1db9aad0e466c81	2026-04-09T14:00:59-04:00	2026-02-28	Respiratory illness hospitalizations	9.17
d2e1349b23c63fb105eaaa90c1db9aad0e466c81	2026-04-09T14:00:59-04:00	2026-03-07	Respiratory illness visits	8.93
d2e1349b23c63fb105eaaa90c1db9aad0e466c81	2026-04-09T14:00:59-04:00	2026-03-07	Respiratory illness hospitalizations	8.67
d2e1349b23c63fb105eaaa90c1db9aad0e466c81	2026-04-09T14:00:59-04:00	2026-03-14	Respiratory illness visits	9.4
d2e1349b23c63fb105eaaa90c1db9aad0e466c81	2026-04-09T14:00:59-04:00	2026-03-14	Respiratory illness hospitalizations	8.6
d2e1349b23c63fb105eaaa90c1db9aad0e466c81	2026-04-09T14:00:59-04:00	2026-03-21	Respiratory illness visits	10.37
d2e1349b23c63fb105eaaa90c1db9aad0e466c81	2026-04-09T14:00:59-04:00	2026-03-21	Respiratory illness hospitalizations	8.78
d2e1349b23c63fb105eaaa90c1db9aad0e466c81	2026-04-09T14:00:59-04:00	2026-03-28	Respiratory illness visits	10.67
d2e1349b23c63fb105eaaa90c1db9aad0e466c81	2026-04-09T14:00:59-04:00	2026-03-28	Respiratory illness hospitalizations	8.14
d2e1349b23c63fb105eaaa90c1db9aad0e466c81	2026-04-09T14:00:59-04:00	2026-04-04	Respiratory illness visits	10.28
d2e1349b23c63fb105eaaa90c1db9aad0e466c81	2026-04-09T14:00:59-04:00	2026-04-04	Respiratory illness hospitalizations	8.54
f0bbda2d5ac7e4b34f905c4300b03d130440a58d	2026-04-16T13:53:42-04:00	2026-01-24	Respiratory illness visits	9.9
f0bbda2d5ac7e4b34f905c4300b03d130440a58d	2026-04-16T13:53:42-04:00	2026-01-24	Respiratory illness hospitalizations	9.66
f0bbda2d5ac7e4b34f905c4300b03d130440a58d	2026-04-16T13:53:42-04:00	2026-01-31	Respiratory illness visits	9.42
f0bbda2d5ac7e4b34f905c4300b03d130440a58d	2026-04-16T13:53:42-04:00	2026-01-31	Respiratory illness hospitalizations	9.55
f0bbda2d5ac7e4b34f905c4300b03d130440a58d	2026-04-16T13:53:42-04:00	2026-02-07	Respiratory illness visits	9.34
f0bbda2d5ac7e4b34f905c4300b03d130440a58d	2026-04-16T13:53:42-04:00	2026-02-07	Respiratory illness hospitalizations	8.75
f0bbda2d5ac7e4b34f905c4300b03d130440a58d	2026-04-16T13:53:42-04:00	2026-02-14	Respiratory illness visits	9.63
f0bbda2d5ac7e4b34f905c4300b03d130440a58d	2026-04-16T13:53:42-04:00	2026-02-14	Respiratory illness hospitalizations	8.58
f0bbda2d5ac7e4b34f905c4300b03d130440a58d	2026-04-16T13:53:42-04:00	2026-02-21	Respiratory illness visits	10.29
f0bbda2d5ac7e4b34f905c4300b03d130440a58d	2026-04-16T13:53:42-04:00	2026-02-21	Respiratory illness hospitalizations	9.41
f0bbda2d5ac7e4b34f905c4300b03d130440a58d	2026-04-16T13:53:42-04:00	2026-02-28	Respiratory illness visits	8.99
f0bbda2d5ac7e4b34f905c4300b03d130440a58d	2026-04-16T13:53:42-04:00	2026-02-28	Respiratory illness hospitalizations	9.17
f0bbda2d5ac7e4b34f905c4300b03d130440a58d	2026-04-16T13:53:42-04:00	2026-03-07	Respiratory illness visits	8.93
f0bbda2d5ac7e4b34f905c4300b03d130440a58d	2026-04-16T13:53:42-04:00	2026-03-07	Respiratory illness hospitalizations	8.67
f0bbda2d5ac7e4b34f905c4300b03d130440a58d	2026-04-16T13:53:42-04:00	2026-03-14	Respiratory illness visits	9.4
f0bbda2d5ac7e4b34f905c4300b03d130440a58d	2026-04-16T13:53:42-04:00	2026-03-14	Respiratory illness hospitalizations	8.6
f0bbda2d5ac7e4b34f905c4300b03d130440a58d	2026-04-16T13:53:42-04:00	2026-03-21	Respiratory illness visits	10.37
f0bbda2d5ac7e4b34f905c4300b03d130440a58d	2026-04-16T13:53:42-04:00	2026-03-21	Respiratory illness hospitalizations	8.78
f0bbda2d5ac7e4b34f905c4300b03d130440a58d	2026-04-16T13:53:42-04:00	2026-03-28	Respiratory illness visits	10.7
f0bbda2d5ac7e4b34f905c4300b03d130440a58d	2026-04-16T13:53:42-04:00	2026-03-28	Respiratory illness hospitalizations	8.13
f0bbda2d5ac7e4b34f905c4300b03d130440a58d	2026-04-16T13:53:42-04:00	2026-04-04	Respiratory illness visits	10.39
f0bbda2d5ac7e4b34f905c4300b03d130440a58d	2026-04-16T13:53:42-04:00	2026-04-04	Respiratory illness hospitalizations	8.58
f0bbda2d5ac7e4b34f905c4300b03d130440a58d	2026-04-16T13:53:42-04:00	2026-04-11	Respiratory illness visits	8.72
f0bbda2d5ac7e4b34f905c4300b03d130440a58d	2026-04-16T13:53:42-04:00	2026-04-11	Respiratory illness hospitalizations	6.45
